,itemd_id,instruction,begin,character,sensory_VP,sensory_DP_PP,end,sensory_VP_s2,ADV_intensifier,PPT_JJ,condition,whose_opinion_question,question_sensory_VP,question_PPT_JJ,option_1,option_2,option_3
96,25,"Read the following excerpt from a novel. The passage is narrated in the first person (using ""I"") and includes another character. Then answer the multiple-choice question.","Right after I arrived at the party,",Daniel,saw,the salad on the table.,It,looked,truly,amazing.,vision,Whose opinion is it that the salad,looked,amazing?,The narrator's,Daniel's,Both the narrator and Daniel have this opinion.
97,25,"Read the following excerpt from a novel. The passage is narrated in the first person (using ""I"") and includes another character. Then answer the multiple-choice question.","Right after I arrived at the party,",Daniel,smelled,the salad on the table.,It,smelled,truly,amazing.,smell,Whose opinion is it that the salad,smelled,amazing?,The narrator's,Daniel's,Both the narrator and Daniel have this opinion.
98,25,"Read the following excerpt from a novel. The passage is narrated in the first person (using ""I"") and includes another character. Then answer the multiple-choice question.","Right after I arrived at the party,",Daniel,tasted,the salad on the table.,It,tasted,truly,amazing.,taste,Whose opinion is it that the salad,tasted,amazing?,The narrator's,Daniel's,Both the narrator and Daniel have this opinion.
99,25,"Read the following excerpt from a novel. The passage is narrated in the first person (using ""I"") and includes another character. Then answer the multiple-choice question.","Right after I arrived at the party,",Daniel,put,the salad on the table.,It,was,truly,amazing.,baseline,Whose opinion is it that the salad,was,amazing?,The narrator's,Daniel's,Both the narrator and Daniel have this opinion.
100,26,"Read the following excerpt from a novel. The passage is narrated in the first person (using ""I"") and includes another character. Then answer the multiple-choice question.","Right after I walked in,",Emma,saw,the sandwich in the bowl.,It,looked,really,tantalizing.,vision,Whose opinion is it that the sandwich,looked,interesting?,The narrator's,Emma's,Both the narrator and Emma have this opinion.
101,26,"Read the following excerpt from a novel. The passage is narrated in the first person (using ""I"") and includes another character. Then answer the multiple-choice question.","Right after I walked in,",Emma,smelled,the sandwich in the bowl.,It,smelled,really,tantalizing.,smell,Whose opinion is it that the sandwich,smelled,interesting?,The narrator's,Emma's,Both the narrator and Emma have this opinion.
102,26,"Read the following excerpt from a novel. The passage is narrated in the first person (using ""I"") and includes another character. Then answer the multiple-choice question.","Right after I walked in,",Emma,tasted,the sandwich in the bowl.,It,tasted,really,tantalizing.,taste,Whose opinion is it that the sandwich,tasted,interesting?,The narrator's,Emma's,Both the narrator and Emma have this opinion.
103,26,"Read the following excerpt from a novel. The passage is narrated in the first person (using ""I"") and includes another character. Then answer the multiple-choice question.","Right after I walked in,",Emma,put,the sandwich in the bowl.,It,was,really,tantalizing.,baseline,Whose opinion is it that the sandwich,was,interesting?,The narrator's,Emma's,Both the narrator and Emma have this opinion.
104,27,"Read the following excerpt from a novel. The passage is narrated in the first person (using ""I"") and includes another character. Then answer the multiple-choice question.","Right after I entered,",James,saw,the milkshake on the table.,It,looked,truly,dreadful.,vision,Whose opinion is it that the milkshake,looked,dreadful?,The narrator's,James's,Both the narrator and James have this opinion.
105,27,"Read the following excerpt from a novel. The passage is narrated in the first person (using ""I"") and includes another character. Then answer the multiple-choice question.","Right after I entered,",James,smelled,the milkshake on the table.,It,smelled,truly,dreadful.,smell,Whose opinion is it that the milkshake,smelled,dreadful?,The narrator's,James's,Both the narrator and James have this opinion.
106,27,"Read the following excerpt from a novel. The passage is narrated in the first person (using ""I"") and includes another character. Then answer the multiple-choice question.","Right after I entered,",James,tasted,the milkshake on the table.,It,tasted,truly,dreadful.,taste,Whose opinion is it that the milkshake,tasted,dreadful?,The narrator's,James's,Both the narrator and James have this opinion.
107,27,"Read the following excerpt from a novel. The passage is narrated in the first person (using ""I"") and includes another character. Then answer the multiple-choice question.","Right after I entered,",James,put,the milkshake on the table.,It,was,truly,dreadful.,baseline,Whose opinion is it that the milkshake,was,dreadful?,The narrator's,James's,Both the narrator and James have this opinion.
108,28,"Read the following excerpt from a novel. The passage is narrated in the first person (using ""I"") and includes another character. Then answer the multiple-choice question.","As soon as I went into the room,",Laura,saw,the sushi on the plate.,It,looked,extremely,revolting.,vision,Whose opinion is it that the sushi,looked,revolting?,The narrator's,Laura's,Both the narrator and Laura have this opinion.
109,28,"Read the following excerpt from a novel. The passage is narrated in the first person (using ""I"") and includes another character. Then answer the multiple-choice question.","As soon as I went into the room,",Laura,smelled,the sushi on the plate.,It,smelled,extremely,revolting.,smell,Whose opinion is it that the sushi,smelled,revolting?,The narrator's,Laura's,Both the narrator and Laura have this opinion.
110,28,"Read the following excerpt from a novel. The passage is narrated in the first person (using ""I"") and includes another character. Then answer the multiple-choice question.","As soon as I went into the room,",Laura,tasted,the sushi on the plate.,It,tasted,extremely,revolting.,taste,Whose opinion is it that the sushi,tasted,revolting?,The narrator's,Laura's,Both the narrator and Laura have this opinion.
111,28,"Read the following excerpt from a novel. The passage is narrated in the first person (using ""I"") and includes another character. Then answer the multiple-choice question.","As soon as I went into the room,",Laura,put,the sushi on the plate.,It,was,extremely,revolting.,baseline,Whose opinion is it that the sushi,was,revolting?,The narrator's,Laura's,Both the narrator and Laura have this opinion.
112,29,"Read the following excerpt from a novel. The passage is narrated in the first person (using ""I"") and includes another character. Then answer the multiple-choice question.","After I arrived at the party,",Thomas,saw,the salad on the table.,It,looked,absolutely,horrifying.,vision,Whose opinion is it that the salad,looked,horrifying?,The narrator's,Thomas's,Both the narrator and Thomas have this opinion.
113,29,"Read the following excerpt from a novel. The passage is narrated in the first person (using ""I"") and includes another character. Then answer the multiple-choice question.","After I arrived at the party,",Thomas,smelled,the salad on the table.,It,smelled,absolutely,horrifying.,smell,Whose opinion is it that the salad,smelled,horrifying?,The narrator's,Thomas's,Both the narrator and Thomas have this opinion.
114,29,"Read the following excerpt from a novel. The passage is narrated in the first person (using ""I"") and includes another character. Then answer the multiple-choice question.","After I arrived at the party,",Thomas,tasted,the salad on the table.,It,tasted,absolutely,horrifying.,taste,Whose opinion is it that the salad,tasted,horrifying?,The narrator's,Thomas's,Both the narrator and Thomas have this opinion.
115,29,"Read the following excerpt from a novel. The passage is narrated in the first person (using ""I"") and includes another character. Then answer the multiple-choice question.","After I arrived at the party,",Thomas,put,the salad on the table.,It,was,absolutely,horrifying.,baseline,Whose opinion is it that the salad,was,horrifying?,The narrator's,Thomas's,Both the narrator and Thomas have this opinion.
116,30,"Read the following excerpt from a novel. The passage is narrated in the first person (using ""I"") and includes another character. Then answer the multiple-choice question.","When I arrived,",Jessica,saw,the stir-fry on the table.,It,looked,very,pleasant.,vision,Whose opinion is it that the stir-fry,looked,pleasant?,The narrator's,Jessica's,Both the narrator and Jessica have this opinion.
117,30,"Read the following excerpt from a novel. The passage is narrated in the first person (using ""I"") and includes another character. Then answer the multiple-choice question.","When I arrived,",Jessica,smelled,the stir-fry on the table.,It,smelled,very,pleasant.,smell,Whose opinion is it that the stir-fry,smelled,pleasant?,The narrator's,Jessica's,Both the narrator and Jessica have this opinion.
118,30,"Read the following excerpt from a novel. The passage is narrated in the first person (using ""I"") and includes another character. Then answer the multiple-choice question.","When I arrived,",Jessica,tasted,the stir-fry on the table.,It,tasted,very,pleasant.,taste,Whose opinion is it that the stir-fry,tasted,pleasant?,The narrator's,Jessica's,Both the narrator and Jessica have this opinion.
119,30,"Read the following excerpt from a novel. The passage is narrated in the first person (using ""I"") and includes another character. Then answer the multiple-choice question.","When I arrived,",Jessica,put,the stir-fry on the table.,It,was,very,pleasant.,baseline,Whose opinion is it that the stir-fry,was,pleasant?,The narrator's,Jessica's,Both the narrator and Jessica have this opinion.
120,31,"Read the following excerpt from a novel. The passage is narrated in the first person (using ""I"") and includes another character. Then answer the multiple-choice question.","Right after I arrived at the party,",Daniel,saw,the hamburger on the table.,It,looked,extremely,unpleasant.,vision,Whose opinion is it that the hamburger,looked,unpleasant?,The narrator's,Daniel's,Both the narrator and Daniel have this opinion.
121,31,"Read the following excerpt from a novel. The passage is narrated in the first person (using ""I"") and includes another character. Then answer the multiple-choice question.","Right after I arrived at the party,",Daniel,smelled,the hamburger on the table.,It,smelled,extremely,unpleasant.,smell,Whose opinion is it that the hamburger,smelled,unpleasant?,The narrator's,Daniel's,Both the narrator and Daniel have this opinion.
122,31,"Read the following excerpt from a novel. The passage is narrated in the first person (using ""I"") and includes another character. Then answer the multiple-choice question.","Right after I arrived at the party,",Daniel,tasted,the hamburger on the table.,It,tasted,extremely,unpleasant.,taste,Whose opinion is it that the hamburger,tasted,unpleasant?,The narrator's,Daniel's,Both the narrator and Daniel have this opinion.
123,31,"Read the following excerpt from a novel. The passage is narrated in the first person (using ""I"") and includes another character. Then answer the multiple-choice question.","Right after I arrived at the party,",Daniel,put,the hamburger on the table.,It,was,extremely,unpleasant.,baseline,Whose opinion is it that the hamburger,was,unpleasant?,The narrator's,Daniel's,Both the narrator and Daniel have this opinion.
124,32,"Read the following excerpt from a novel. The passage is narrated in the first person (using ""I"") and includes another character. Then answer the multiple-choice question.","When I arrived,",Emily,saw,the coffee on the table.,It,looked,really,enticing.,vision,Whose opinion is it that the coffee,looked,enticing?,The narrator's,Emily's,Both the narrator and Emily have this opinion.
125,32,"Read the following excerpt from a novel. The passage is narrated in the first person (using ""I"") and includes another character. Then answer the multiple-choice question.","When I arrived,",Emily,smelled,the coffee on the table.,It,smelled,really,enticing.,smell,Whose opinion is it that the coffee,smelled,enticing?,The narrator's,Emily's,Both the narrator and Emily have this opinion.
126,32,"Read the following excerpt from a novel. The passage is narrated in the first person (using ""I"") and includes another character. Then answer the multiple-choice question.","When I arrived,",Emily,tasted,the coffee on the table.,It,tasted,really,enticing.,taste,Whose opinion is it that the coffee,tasted,enticing?,The narrator's,Emily's,Both the narrator and Emily have this opinion.
127,32,"Read the following excerpt from a novel. The passage is narrated in the first person (using ""I"") and includes another character. Then answer the multiple-choice question.","When I arrived,",Emily,put,the coffee on the table.,It,was,really,enticing.,baseline,Whose opinion is it that the coffee,was,enticing?,The narrator's,Emily's,Both the narrator and Emily have this opinion.
128,33,"Read the following excerpt from a novel. The passage is narrated in the first person (using ""I"") and includes another character. Then answer the multiple-choice question.","As soon as I came home,",John,saw,the chicken on the table.,It,looked,extremely,revolting.,vision,Whose opinion is it that the chicken,looked,revolting?,The narrator's,John's,Both the narrator and John have this opinion.
129,33,"Read the following excerpt from a novel. The passage is narrated in the first person (using ""I"") and includes another character. Then answer the multiple-choice question.","As soon as I came home,",John,smelled,the chicken on the table.,It,smelled,extremely,revolting.,smell,Whose opinion is it that the chicken,smelled,revolting?,The narrator's,John's,Both the narrator and John have this opinion.
130,33,"Read the following excerpt from a novel. The passage is narrated in the first person (using ""I"") and includes another character. Then answer the multiple-choice question.","As soon as I came home,",John,tasted,the chicken on the table.,It,tasted,extremely,revolting.,taste,Whose opinion is it that the chicken,tasted,revolting?,The narrator's,John's,Both the narrator and John have this opinion.
131,33,"Read the following excerpt from a novel. The passage is narrated in the first person (using ""I"") and includes another character. Then answer the multiple-choice question.","As soon as I came home,",John,put,the chicken on the table.,It,was,extremely,revolting.,baseline,Whose opinion is it that the chicken,was,revolting?,The narrator's,John's,Both the narrator and John have this opinion.
132,34,"Read the following excerpt from a novel. The passage is narrated in the first person (using ""I"") and includes another character. Then answer the multiple-choice question.","As soon as I came home,",Jessica,saw,the bacon on the plate.,It,looked,absolutely,amazing.,vision,Whose opinion is it that the bacon,looked,amazing?,The narrator's,Jessica's,Both the narrator and Jessica have this opinion.
133,34,"Read the following excerpt from a novel. The passage is narrated in the first person (using ""I"") and includes another character. Then answer the multiple-choice question.","As soon as I came home,",Jessica,smelled,the bacon on the plate.,It,smelled,absolutely,amazing.,smell,Whose opinion is it that the bacon,smelled,amazing?,The narrator's,Jessica's,Both the narrator and Jessica have this opinion.
134,34,"Read the following excerpt from a novel. The passage is narrated in the first person (using ""I"") and includes another character. Then answer the multiple-choice question.","As soon as I came home,",Jessica,tasted,the bacon on the plate.,It,tasted,absolutely,amazing.,taste,Whose opinion is it that the bacon,tasted,amazing?,The narrator's,Jessica's,Both the narrator and Jessica have this opinion.
135,34,"Read the following excerpt from a novel. The passage is narrated in the first person (using ""I"") and includes another character. Then answer the multiple-choice question.","As soon as I came home,",Jessica,put,the bacon on the plate.,It,was,absolutely,amazing.,baseline,Whose opinion is it that the bacon,was,amazing?,The narrator's,Jessica's,Both the narrator and Jessica have this opinion.
136,35,"Read the following excerpt from a novel. The passage is narrated in the first person (using ""I"") and includes another character. Then answer the multiple-choice question.","Right after I entered,",William,saw,the cheese on the table.,It,looked,extremely,unpleasant.,vision,Whose opinion is it that the cheese,looked,unpleasant?,The narrator's,William's,Both the narrator and William have this opinion.
137,35,"Read the following excerpt from a novel. The passage is narrated in the first person (using ""I"") and includes another character. Then answer the multiple-choice question.","Right after I entered,",William,smelled,the cheese on the table.,It,smelled,extremely,unpleasant.,smell,Whose opinion is it that the cheese,smelled,unpleasant?,The narrator's,William's,Both the narrator and William have this opinion.
138,35,"Read the following excerpt from a novel. The passage is narrated in the first person (using ""I"") and includes another character. Then answer the multiple-choice question.","Right after I entered,",William,tasted,the cheese on the table.,It,tasted,extremely,unpleasant.,taste,Whose opinion is it that the cheese,tasted,unpleasant?,The narrator's,William's,Both the narrator and William have this opinion.
139,35,"Read the following excerpt from a novel. The passage is narrated in the first person (using ""I"") and includes another character. Then answer the multiple-choice question.","Right after I entered,",William,put,the cheese on the table.,It,was,extremely,unpleasant.,baseline,Whose opinion is it that the cheese,was,unpleasant?,The narrator's,William's,Both the narrator and William have this opinion.
140,36,"Read the following excerpt from a novel. The passage is narrated in the first person (using ""I"") and includes another character. Then answer the multiple-choice question.","After I got home,",Jessica,saw,the milkshake on the table.,It,looked,really,amazing.,vision,Whose opinion is it that milkshake,looked,enticing?,The narrator's,Jessica's,Both the narrator and Jessica have this opinion.
141,36,"Read the following excerpt from a novel. The passage is narrated in the first person (using ""I"") and includes another character. Then answer the multiple-choice question.","After I got home,",Jessica,smelled,the milkshake on the table.,It,smelled,really,amazing.,smell,Whose opinion is it that milkshake,smelled,enticing?,The narrator's,Jessica's,Both the narrator and Jessica have this opinion.
142,36,"Read the following excerpt from a novel. The passage is narrated in the first person (using ""I"") and includes another character. Then answer the multiple-choice question.","After I got home,",Jessica,tasted,the milkshake on the table.,It,tasted,really,amazing.,taste,Whose opinion is it that milkshake,tasted,enticing?,The narrator's,Jessica's,Both the narrator and Jessica have this opinion.
143,36,"Read the following excerpt from a novel. The passage is narrated in the first person (using ""I"") and includes another character. Then answer the multiple-choice question.","After I got home,",Jessica,put,the milkshake on the table.,It,was,really,amazing.,baseline,Whose opinion is it that milkshake,was,enticing?,The narrator's,Jessica's,Both the narrator and Jessica have this opinion.
144,37,"Read the following excerpt from a novel. The passage is narrated in the first person (using ""I"") and includes another character. Then answer the multiple-choice question.","After I got home,",Robert,saw,the chicken on the tray.,It,looked,really,enticing.,vision,Whose opinion is it that chicken,looked,enticing?,The narrator's,Robert's,Both the narrator and Robert have this opinion.
145,37,"Read the following excerpt from a novel. The passage is narrated in the first person (using ""I"") and includes another character. Then answer the multiple-choice question.","After I got home,",Robert,smelled,the chicken on the tray.,It,smelled,really,enticing.,smell,Whose opinion is it that chicken,smelled,enticing?,The narrator's,Robert's,Both the narrator and Robert have this opinion.
146,37,"Read the following excerpt from a novel. The passage is narrated in the first person (using ""I"") and includes another character. Then answer the multiple-choice question.","After I got home,",Robert,tasted,the chicken on the tray.,It,tasted,really,enticing.,taste,Whose opinion is it that chicken,tasted,enticing?,The narrator's,Robert's,Both the narrator and Robert have this opinion.
147,37,"Read the following excerpt from a novel. The passage is narrated in the first person (using ""I"") and includes another character. Then answer the multiple-choice question.","After I got home,",Robert,put,the chicken on the tray.,It,was,really,enticing.,baseline,Whose opinion is it that chicken,was,enticing?,The narrator's,Robert's,Both the narrator and Robert have this opinion.
148,38,"Read the following excerpt from a novel. The passage is narrated in the first person (using ""I"") and includes another character. Then answer the multiple-choice question.","As soon as I came home,",Emily,saw,the cupcake on the table.,It,looked,incredibly,amazing.,vision,Whose opinion is it that the cupcake,looked,enticing?,The narrator's,Emily's,Both the narrator and Emily have this opinion.
149,38,"Read the following excerpt from a novel. The passage is narrated in the first person (using ""I"") and includes another character. Then answer the multiple-choice question.","As soon as I came home,",Emily,smelled,the cupcake on the table.,It,smelled,incredibly,amazing.,smell,Whose opinion is it that the cupcake,smelled,enticing?,The narrator's,Emily's,Both the narrator and Emily have this opinion.
150,38,"Read the following excerpt from a novel. The passage is narrated in the first person (using ""I"") and includes another character. Then answer the multiple-choice question.","As soon as I came home,",Emily,tasted,the cupcake on the table.,It,tasted,incredibly,amazing.,taste,Whose opinion is it that the cupcake,tasted,enticing?,The narrator's,Emily's,Both the narrator and Emily have this opinion.
151,38,"Read the following excerpt from a novel. The passage is narrated in the first person (using ""I"") and includes another character. Then answer the multiple-choice question.","As soon as I came home,",Emily,put,the cupcake on the table.,It,was,incredibly,amazing.,baseline,Whose opinion is it that the cupcake,was,enticing?,The narrator's,Emily's,Both the narrator and Emily have this opinion.
152,39,"Read the following excerpt from a novel. The passage is narrated in the first person (using ""I"") and includes another character. Then answer the multiple-choice question.","When I entered the room,",Robert,saw,the pizza on the counter.,It,looked,incredibly,enticing.,vision,Whose opinion is it that the pizza,looked,enticing?,The narrator's,Robert's,Both the narrator and Robert have this opinion.
153,39,"Read the following excerpt from a novel. The passage is narrated in the first person (using ""I"") and includes another character. Then answer the multiple-choice question.","When I entered the room,",Robert,smelled,the pizza on the counter.,It,smelled,incredibly,enticing.,smell,Whose opinion is it that the pizza,smelled,enticing?,The narrator's,Robert's,Both the narrator and Robert have this opinion.
154,39,"Read the following excerpt from a novel. The passage is narrated in the first person (using ""I"") and includes another character. Then answer the multiple-choice question.","When I entered the room,",Robert,tasted,the pizza on the counter.,It,tasted,incredibly,enticing.,taste,Whose opinion is it that the pizza,tasted,enticing?,The narrator's,Robert's,Both the narrator and Robert have this opinion.
155,39,"Read the following excerpt from a novel. The passage is narrated in the first person (using ""I"") and includes another character. Then answer the multiple-choice question.","When I entered the room,",Robert,put,the pizza on the counter.,It,was,incredibly,enticing.,baseline,Whose opinion is it that the pizza,was,enticing?,The narrator's,Robert's,Both the narrator and Robert have this opinion.
156,40,"Read the following excerpt from a novel. The passage is narrated in the first person (using ""I"") and includes another character. Then answer the multiple-choice question.","After I entered the room,",Jessica,saw,the brownie in the plate.,It,looked,absolutely,revolting.,vision,Whose opinion is it that the brownie,looked,revolting?,The narrator's,Jessica's,Both the narrator and Jessica have this opinion.
157,40,"Read the following excerpt from a novel. The passage is narrated in the first person (using ""I"") and includes another character. Then answer the multiple-choice question.","After I entered the room,",Jessica,smelled,the brownie in the plate.,It,smelled,absolutely,revolting.,smell,Whose opinion is it that the brownie,smelled,revolting?,The narrator's,Jessica's,Both the narrator and Jessica have this opinion.
158,40,"Read the following excerpt from a novel. The passage is narrated in the first person (using ""I"") and includes another character. Then answer the multiple-choice question.","After I entered the room,",Jessica,tasted,the brownie in the plate.,It,tasted,absolutely,revolting.,taste,Whose opinion is it that the brownie,tasted,revolting?,The narrator's,Jessica's,Both the narrator and Jessica have this opinion.
159,40,"Read the following excerpt from a novel. The passage is narrated in the first person (using ""I"") and includes another character. Then answer the multiple-choice question.","After I entered the room,",Jessica,put,the brownie in the plate.,It,was,absolutely,revolting.,baseline,Whose opinion is it that the brownie,was,revolting?,The narrator's,Jessica's,Both the narrator and Jessica have this opinion.
160,41,"Read the following excerpt from a novel. The passage is narrated in the first person (using ""I"") and includes another character. Then answer the multiple-choice question.","As soon as I walked into the room,",William,saw,the cheese on the table.,It,looked,truly,amazing.,vision,Whose opinion is it that the cheese,looked,amazing?,The narrator's,William's,Both the narrator and William have this opinion.
161,41,"Read the following excerpt from a novel. The passage is narrated in the first person (using ""I"") and includes another character. Then answer the multiple-choice question.","As soon as I walked into the room,",William,smelled,the cheese on the table.,It,smelled,truly,amazing.,smell,Whose opinion is it that the cheese,smelled,amazing?,The narrator's,William's,Both the narrator and William have this opinion.
162,41,"Read the following excerpt from a novel. The passage is narrated in the first person (using ""I"") and includes another character. Then answer the multiple-choice question.","As soon as I walked into the room,",William,tasted,the cheese on the table.,It,tasted,truly,amazing.,taste,Whose opinion is it that the cheese,tasted,amazing?,The narrator's,William's,Both the narrator and William have this opinion.
163,41,"Read the following excerpt from a novel. The passage is narrated in the first person (using ""I"") and includes another character. Then answer the multiple-choice question.","As soon as I walked into the room,",William,put,the cheese on the table.,It,was,truly,amazing.,baseline,Whose opinion is it that the cheese,was,amazing?,The narrator's,William's,Both the narrator and William have this opinion.
164,42,"Read the following excerpt from a novel. The passage is narrated in the first person (using ""I"") and includes another character. Then answer the multiple-choice question.","When I returned home after work,",Laura,saw,the bacon on the table.,It,looked,really,tantalizing.,vision,Whose opinion is it that the bacon,looked,interesting?,The narrator's,Laura's,Both the narrator and Laura have this opinion.
165,42,"Read the following excerpt from a novel. The passage is narrated in the first person (using ""I"") and includes another character. Then answer the multiple-choice question.","When I returned home after work,",Laura,smelled,the bacon on the table.,It,smelled,really,tantalizing.,smell,Whose opinion is it that the bacon,smelled,interesting?,The narrator's,Laura's,Both the narrator and Laura have this opinion.
166,42,"Read the following excerpt from a novel. The passage is narrated in the first person (using ""I"") and includes another character. Then answer the multiple-choice question.","When I returned home after work,",Laura,tasted,the bacon on the table.,It,tasted,really,tantalizing.,taste,Whose opinion is it that the bacon,tasted,interesting?,The narrator's,Laura's,Both the narrator and Laura have this opinion.
167,42,"Read the following excerpt from a novel. The passage is narrated in the first person (using ""I"") and includes another character. Then answer the multiple-choice question.","When I returned home after work,",Laura,put,the bacon on the table.,It,was,really,tantalizing.,baseline,Whose opinion is it that the bacon,was,interesting?,The narrator's,Laura's,Both the narrator and Laura have this opinion.
168,43,"Read the following excerpt from a novel. The passage is narrated in the first person (using ""I"") and includes another character. Then answer the multiple-choice question.","When I arrived at the gathering,",William,saw,the bacon in the bowl.,It,looked,absolutely,horrifying.,vision,Whose opinion is it that the bacon,looked,horrifying?,The narrator's,William's,Both the narrator and William have this opinion.
169,43,"Read the following excerpt from a novel. The passage is narrated in the first person (using ""I"") and includes another character. Then answer the multiple-choice question.","When I arrived at the gathering,",William,smelled,the bacon in the bowl.,It,smelled,absolutely,horrifying.,smell,Whose opinion is it that the bacon,smelled,horrifying?,The narrator's,William's,Both the narrator and William have this opinion.
170,43,"Read the following excerpt from a novel. The passage is narrated in the first person (using ""I"") and includes another character. Then answer the multiple-choice question.","When I arrived at the gathering,",William,tasted,the bacon in the bowl.,It,tasted,absolutely,horrifying.,taste,Whose opinion is it that the bacon,tasted,horrifying?,The narrator's,William's,Both the narrator and William have this opinion.
171,43,"Read the following excerpt from a novel. The passage is narrated in the first person (using ""I"") and includes another character. Then answer the multiple-choice question.","When I arrived at the gathering,",William,put,the bacon in the bowl.,It,was,absolutely,horrifying.,baseline,Whose opinion is it that the bacon,was,horrifying?,The narrator's,William's,Both the narrator and William have this opinion.
172,44,"Read the following excerpt from a novel. The passage is narrated in the first person (using ""I"") and includes another character. Then answer the multiple-choice question.","When I came into the room,",Emma,saw,the bacon on the table.,It,looked,absolutely,horrifying.,vision,Whose opinion is it that the bacon,looked,horrifying?,The narrator's,Emma's,Both the narrator and Emma have this opinion.
173,44,"Read the following excerpt from a novel. The passage is narrated in the first person (using ""I"") and includes another character. Then answer the multiple-choice question.","When I came into the room,",Emma,smelled,the bacon on the table.,It,smelled,absolutely,horrifying.,smell,Whose opinion is it that the bacon,smelled,horrifying?,The narrator's,Emma's,Both the narrator and Emma have this opinion.
174,44,"Read the following excerpt from a novel. The passage is narrated in the first person (using ""I"") and includes another character. Then answer the multiple-choice question.","When I came into the room,",Emma,tasted,the bacon on the table.,It,tasted,absolutely,horrifying.,taste,Whose opinion is it that the bacon,tasted,horrifying?,The narrator's,Emma's,Both the narrator and Emma have this opinion.
175,44,"Read the following excerpt from a novel. The passage is narrated in the first person (using ""I"") and includes another character. Then answer the multiple-choice question.","When I came into the room,",Emma,put,the bacon on the table.,It,was,absolutely,horrifying.,baseline,Whose opinion is it that the bacon,was,horrifying?,The narrator's,Emma's,Both the narrator and Emma have this opinion.
176,45,"Read the following excerpt from a novel. The passage is narrated in the first person (using ""I"") and includes another character. Then answer the multiple-choice question.","When I arrived at the gathering,",Daniel,saw,the milkshake on the tray.,It,looked,really,delicious.,vision,Whose opinion is it that the milkshake,looked,delicious?,The narrator's,Daniel's,Both the narrator and Daniel have this opinion.
177,45,"Read the following excerpt from a novel. The passage is narrated in the first person (using ""I"") and includes another character. Then answer the multiple-choice question.","When I arrived at the gathering,",Daniel,smelled,the milkshake on the tray.,It,smelled,really,delicious.,smell,Whose opinion is it that the milkshake,smelled,delicious?,The narrator's,Daniel's,Both the narrator and Daniel have this opinion.
178,45,"Read the following excerpt from a novel. The passage is narrated in the first person (using ""I"") and includes another character. Then answer the multiple-choice question.","When I arrived at the gathering,",Daniel,tasted,the milkshake on the tray.,It,tasted,really,delicious.,taste,Whose opinion is it that the milkshake,tasted,delicious?,The narrator's,Daniel's,Both the narrator and Daniel have this opinion.
179,45,"Read the following excerpt from a novel. The passage is narrated in the first person (using ""I"") and includes another character. Then answer the multiple-choice question.","When I arrived at the gathering,",Daniel,put,the milkshake on the tray.,It,was,really,delicious.,baseline,Whose opinion is it that the milkshake,was,delicious?,The narrator's,Daniel's,Both the narrator and Daniel have this opinion.
180,46,"Read the following excerpt from a novel. The passage is narrated in the first person (using ""I"") and includes another character. Then answer the multiple-choice question.","When I arrived,",Jessica,saw,the cheese on the tray.,It,looked,incredibly,unpleasant.,vision,Whose opinion is it that the cheese,looked,unpleasant?,The narrator's,Jessica's,Both the narrator and Jessica have this opinion.
181,46,"Read the following excerpt from a novel. The passage is narrated in the first person (using ""I"") and includes another character. Then answer the multiple-choice question.","When I arrived,",Jessica,smelled,the cheese on the tray.,It,smelled,incredibly,unpleasant.,smell,Whose opinion is it that the cheese,smelled,unpleasant?,The narrator's,Jessica's,Both the narrator and Jessica have this opinion.
182,46,"Read the following excerpt from a novel. The passage is narrated in the first person (using ""I"") and includes another character. Then answer the multiple-choice question.","When I arrived,",Jessica,tasted,the cheese on the tray.,It,tasted,incredibly,unpleasant.,taste,Whose opinion is it that the cheese,tasted,unpleasant?,The narrator's,Jessica's,Both the narrator and Jessica have this opinion.
183,46,"Read the following excerpt from a novel. The passage is narrated in the first person (using ""I"") and includes another character. Then answer the multiple-choice question.","When I arrived,",Jessica,put,the cheese on the tray.,It,was,incredibly,unpleasant.,baseline,Whose opinion is it that the cheese,was,unpleasant?,The narrator's,Jessica's,Both the narrator and Jessica have this opinion.
184,47,"Read the following excerpt from a novel. The passage is narrated in the first person (using ""I"") and includes another character. Then answer the multiple-choice question.","After I got home from school,",David,saw,the popcorn in the container.,It,looked,really,amazing.,vision,Whose opinion is it that the popcorn,looked,enticing?,The narrator's,David's,Both the narrator and David have this opinion.
185,47,"Read the following excerpt from a novel. The passage is narrated in the first person (using ""I"") and includes another character. Then answer the multiple-choice question.","After I got home from school,",David,smelled,the popcorn in the container.,It,smelled,really,amazing.,smell,Whose opinion is it that the popcorn,smelled,enticing?,The narrator's,David's,Both the narrator and David have this opinion.
186,47,"Read the following excerpt from a novel. The passage is narrated in the first person (using ""I"") and includes another character. Then answer the multiple-choice question.","After I got home from school,",David,tasted,the popcorn in the container.,It,tasted,really,amazing.,taste,Whose opinion is it that the popcorn,tasted,enticing?,The narrator's,David's,Both the narrator and David have this opinion.
187,47,"Read the following excerpt from a novel. The passage is narrated in the first person (using ""I"") and includes another character. Then answer the multiple-choice question.","After I got home from school,",David,put,the popcorn in the container.,It,was,really,amazing.,baseline,Whose opinion is it that the popcorn,was,enticing?,The narrator's,David's,Both the narrator and David have this opinion.
188,48,"Read the following excerpt from a novel. The passage is narrated in the first person (using ""I"") and includes another character. Then answer the multiple-choice question.","Right after I arrived,",Laura,saw,the pasta in the plate.,It,looked,extremely,tantalizing.,vision,Whose opinion is it that the pasta,looked,interesting?,The narrator's,Laura's,Both the narrator and Laura have this opinion.
189,48,"Read the following excerpt from a novel. The passage is narrated in the first person (using ""I"") and includes another character. Then answer the multiple-choice question.","Right after I arrived,",Laura,smelled,the pasta in the plate.,It,smelled,extremely,tantalizing.,smell,Whose opinion is it that the pasta,smelled,interesting?,The narrator's,Laura's,Both the narrator and Laura have this opinion.
190,48,"Read the following excerpt from a novel. The passage is narrated in the first person (using ""I"") and includes another character. Then answer the multiple-choice question.","Right after I arrived,",Laura,tasted,the pasta in the plate.,It,tasted,extremely,tantalizing.,taste,Whose opinion is it that the pasta,tasted,interesting?,The narrator's,Laura's,Both the narrator and Laura have this opinion.
191,48,"Read the following excerpt from a novel. The passage is narrated in the first person (using ""I"") and includes another character. Then answer the multiple-choice question.","Right after I arrived,",Laura,put,the pasta in the plate.,It,was,extremely,tantalizing.,baseline,Whose opinion is it that the pasta,was,interesting?,The narrator's,Laura's,Both the narrator and Laura have this opinion.
192,49,"Read the following excerpt from a novel. The passage is narrated in the first person (using ""I"") and includes another character. Then answer the multiple-choice question.","Right after I arrived,",Michael,saw,the biscuit on the tray.,It,looked,absolutely,delightful.,vision,Whose opinion is it that the biscuit,looked,delightful?,The narrator's,Michael's,Both the narrator and Michael have this opinion.
193,49,"Read the following excerpt from a novel. The passage is narrated in the first person (using ""I"") and includes another character. Then answer the multiple-choice question.","Right after I arrived,",Michael,smelled,the biscuit on the tray.,It,smelled,absolutely,delightful.,smell,Whose opinion is it that the biscuit,smelled,delightful?,The narrator's,Michael's,Both the narrator and Michael have this opinion.
194,49,"Read the following excerpt from a novel. The passage is narrated in the first person (using ""I"") and includes another character. Then answer the multiple-choice question.","Right after I arrived,",Michael,tasted,the biscuit on the tray.,It,tasted,absolutely,delightful.,taste,Whose opinion is it that the biscuit,tasted,delightful?,The narrator's,Michael's,Both the narrator and Michael have this opinion.
195,49,"Read the following excerpt from a novel. The passage is narrated in the first person (using ""I"") and includes another character. Then answer the multiple-choice question.","Right after I arrived,",Michael,put,the biscuit on the tray.,It,was,absolutely,delightful.,baseline,Whose opinion is it that the biscuit,was,delightful?,The narrator's,Michael's,Both the narrator and Michael have this opinion.
196,50,"Read the following excerpt from a novel. The passage is narrated in the first person (using ""I"") and includes another character. Then answer the multiple-choice question.","As soon as I walked in,",Sarah,saw,the cookie in the bowl.,It,looked,extremely,tantalizing.,vision,Whose opinion is it that the cookie,looked,interesting?,The narrator's,Sarah's,Both the narrator and Sarah have this opinion.
197,50,"Read the following excerpt from a novel. The passage is narrated in the first person (using ""I"") and includes another character. Then answer the multiple-choice question.","As soon as I walked in,",Sarah,smelled,the cookie in the bowl.,It,smelled,extremely,tantalizing.,smell,Whose opinion is it that the cookie,smelled,interesting?,The narrator's,Sarah's,Both the narrator and Sarah have this opinion.
198,50,"Read the following excerpt from a novel. The passage is narrated in the first person (using ""I"") and includes another character. Then answer the multiple-choice question.","As soon as I walked in,",Sarah,tasted,the cookie in the bowl.,It,tasted,extremely,tantalizing.,taste,Whose opinion is it that the cookie,tasted,interesting?,The narrator's,Sarah's,Both the narrator and Sarah have this opinion.
199,50,"Read the following excerpt from a novel. The passage is narrated in the first person (using ""I"") and includes another character. Then answer the multiple-choice question.","As soon as I walked in,",Sarah,put,the cookie in the bowl.,It,was,extremely,tantalizing.,baseline,Whose opinion is it that the cookie,was,interesting?,The narrator's,Sarah's,Both the narrator and Sarah have this opinion.
200,51,"Read the following excerpt from a novel. The passage is narrated in the first person (using ""I"") and includes another character. Then answer the multiple-choice question.","When I came into the room,",Michael,saw,the pasta on the table.,It,looked,incredibly,unpleasant.,vision,Whose opinion is it that the pasta,looked,unpleasant?,The narrator's,Michael's,Both the narrator and Michael have this opinion.
201,51,"Read the following excerpt from a novel. The passage is narrated in the first person (using ""I"") and includes another character. Then answer the multiple-choice question.","When I came into the room,",Michael,smelled,the pasta on the table.,It,smelled,incredibly,unpleasant.,smell,Whose opinion is it that the pasta,smelled,unpleasant?,The narrator's,Michael's,Both the narrator and Michael have this opinion.
202,51,"Read the following excerpt from a novel. The passage is narrated in the first person (using ""I"") and includes another character. Then answer the multiple-choice question.","When I came into the room,",Michael,tasted,the pasta on the table.,It,tasted,incredibly,unpleasant.,taste,Whose opinion is it that the pasta,tasted,unpleasant?,The narrator's,Michael's,Both the narrator and Michael have this opinion.
203,51,"Read the following excerpt from a novel. The passage is narrated in the first person (using ""I"") and includes another character. Then answer the multiple-choice question.","When I came into the room,",Michael,put,the pasta on the table.,It,was,incredibly,unpleasant.,baseline,Whose opinion is it that the pasta,was,unpleasant?,The narrator's,Michael's,Both the narrator and Michael have this opinion.
204,52,"Read the following excerpt from a novel. The passage is narrated in the first person (using ""I"") and includes another character. Then answer the multiple-choice question.","After I arrived at the party,",Anna,saw,the bread on the plate.,It,looked,totally,horrifying.,vision,Whose opinion is it that the bread,looked,horrifying?,The narrator's,Anna's,Both the narrator and Anna have this opinion.
205,52,"Read the following excerpt from a novel. The passage is narrated in the first person (using ""I"") and includes another character. Then answer the multiple-choice question.","After I arrived at the party,",Anna,smelled,the bread on the plate.,It,smelled,totally,horrifying.,smell,Whose opinion is it that the bread,smelled,horrifying?,The narrator's,Anna's,Both the narrator and Anna have this opinion.
206,52,"Read the following excerpt from a novel. The passage is narrated in the first person (using ""I"") and includes another character. Then answer the multiple-choice question.","After I arrived at the party,",Anna,tasted,the bread on the plate.,It,tasted,totally,horrifying.,taste,Whose opinion is it that the bread,tasted,horrifying?,The narrator's,Anna's,Both the narrator and Anna have this opinion.
207,52,"Read the following excerpt from a novel. The passage is narrated in the first person (using ""I"") and includes another character. Then answer the multiple-choice question.","After I arrived at the party,",Anna,put,the bread on the plate.,It,was,totally,horrifying.,baseline,Whose opinion is it that the bread,was,horrifying?,The narrator's,Anna's,Both the narrator and Anna have this opinion.
208,53,"Read the following excerpt from a novel. The passage is narrated in the first person (using ""I"") and includes another character. Then answer the multiple-choice question.","After I got home from school,",Robert,saw,the pretzel in the bowl.,It,looked,truly,dreadful.,vision,Whose opinion is it that the pretzel,looked,dreadful?,The narrator's,Robert's,Both the narrator and Robert have this opinion.
209,53,"Read the following excerpt from a novel. The passage is narrated in the first person (using ""I"") and includes another character. Then answer the multiple-choice question.","After I got home from school,",Robert,smelled,the pretzel in the bowl.,It,smelled,truly,dreadful.,smell,Whose opinion is it that the pretzel,smelled,dreadful?,The narrator's,Robert's,Both the narrator and Robert have this opinion.
210,53,"Read the following excerpt from a novel. The passage is narrated in the first person (using ""I"") and includes another character. Then answer the multiple-choice question.","After I got home from school,",Robert,tasted,the pretzel in the bowl.,It,tasted,truly,dreadful.,taste,Whose opinion is it that the pretzel,tasted,dreadful?,The narrator's,Robert's,Both the narrator and Robert have this opinion.
211,53,"Read the following excerpt from a novel. The passage is narrated in the first person (using ""I"") and includes another character. Then answer the multiple-choice question.","After I got home from school,",Robert,put,the pretzel in the bowl.,It,was,truly,dreadful.,baseline,Whose opinion is it that the pretzel,was,dreadful?,The narrator's,Robert's,Both the narrator and Robert have this opinion.
212,54,"Read the following excerpt from a novel. The passage is narrated in the first person (using ""I"") and includes another character. Then answer the multiple-choice question.","When I returned home after work,",Laura,saw,the bacon on the plate.,It,looked,extremely,revolting.,vision,Whose opinion is it that the bacon,looked,revolting?,The narrator's,Laura's,Both the narrator and Laura have this opinion.
213,54,"Read the following excerpt from a novel. The passage is narrated in the first person (using ""I"") and includes another character. Then answer the multiple-choice question.","When I returned home after work,",Laura,smelled,the bacon on the plate.,It,smelled,extremely,revolting.,smell,Whose opinion is it that the bacon,smelled,revolting?,The narrator's,Laura's,Both the narrator and Laura have this opinion.
214,54,"Read the following excerpt from a novel. The passage is narrated in the first person (using ""I"") and includes another character. Then answer the multiple-choice question.","When I returned home after work,",Laura,tasted,the bacon on the plate.,It,tasted,extremely,revolting.,taste,Whose opinion is it that the bacon,tasted,revolting?,The narrator's,Laura's,Both the narrator and Laura have this opinion.
215,54,"Read the following excerpt from a novel. The passage is narrated in the first person (using ""I"") and includes another character. Then answer the multiple-choice question.","When I returned home after work,",Laura,put,the bacon on the plate.,It,was,extremely,revolting.,baseline,Whose opinion is it that the bacon,was,revolting?,The narrator's,Laura's,Both the narrator and Laura have this opinion.
216,55,"Read the following excerpt from a novel. The passage is narrated in the first person (using ""I"") and includes another character. Then answer the multiple-choice question.","As soon as I walked in,",John,saw,the cake on the table.,It,looked,really,disgusting.,vision,Whose opinion is it that the cake,looked,disgusting?,The narrator's,John's,Both the narrator and John have this opinion.
217,55,"Read the following excerpt from a novel. The passage is narrated in the first person (using ""I"") and includes another character. Then answer the multiple-choice question.","As soon as I walked in,",John,smelled,the cake on the table.,It,smelled,really,disgusting.,smell,Whose opinion is it that the cake,smelled,disgusting?,The narrator's,John's,Both the narrator and John have this opinion.
218,55,"Read the following excerpt from a novel. The passage is narrated in the first person (using ""I"") and includes another character. Then answer the multiple-choice question.","As soon as I walked in,",John,tasted,the cake on the table.,It,tasted,really,disgusting.,taste,Whose opinion is it that the cake,tasted,disgusting?,The narrator's,John's,Both the narrator and John have this opinion.
219,55,"Read the following excerpt from a novel. The passage is narrated in the first person (using ""I"") and includes another character. Then answer the multiple-choice question.","As soon as I walked in,",John,put,the cake on the table.,It,was,really,disgusting.,baseline,Whose opinion is it that the cake,was,disgusting?,The narrator's,John's,Both the narrator and John have this opinion.
220,56,"Read the following excerpt from a novel. The passage is narrated in the first person (using ""I"") and includes another character. Then answer the multiple-choice question.","Right after I arrived,",Sarah,saw,the sushi on the table.,It,looked,very,pleasant.,vision,Whose opinion is it that the sushi,looked,pleasant?,The narrator's,Sarah's,Both the narrator and Sarah have this opinion.
221,56,"Read the following excerpt from a novel. The passage is narrated in the first person (using ""I"") and includes another character. Then answer the multiple-choice question.","Right after I arrived,",Sarah,smelled,the sushi on the table.,It,smelled,very,pleasant.,smell,Whose opinion is it that the sushi,smelled,pleasant?,The narrator's,Sarah's,Both the narrator and Sarah have this opinion.
222,56,"Read the following excerpt from a novel. The passage is narrated in the first person (using ""I"") and includes another character. Then answer the multiple-choice question.","Right after I arrived,",Sarah,tasted,the sushi on the table.,It,tasted,very,pleasant.,taste,Whose opinion is it that the sushi,tasted,pleasant?,The narrator's,Sarah's,Both the narrator and Sarah have this opinion.
223,56,"Read the following excerpt from a novel. The passage is narrated in the first person (using ""I"") and includes another character. Then answer the multiple-choice question.","Right after I arrived,",Sarah,put,the sushi on the table.,It,was,very,pleasant.,baseline,Whose opinion is it that the sushi,was,pleasant?,The narrator's,Sarah's,Both the narrator and Sarah have this opinion.
224,57,"Read the following excerpt from a novel. The passage is narrated in the first person (using ""I"") and includes another character. Then answer the multiple-choice question.","As soon as I walked in,",John,saw,the dumplings on the table.,It,looked,really,delicious.,vision,Whose opinion is it that the dumplings,looked,delicious?,The narrator's,John's,Both the narrator and John have this opinion.
225,57,"Read the following excerpt from a novel. The passage is narrated in the first person (using ""I"") and includes another character. Then answer the multiple-choice question.","As soon as I walked in,",John,smelled,the dumplings on the table.,It,smelled,really,delicious.,smell,Whose opinion is it that the dumplings,smelled,delicious?,The narrator's,John's,Both the narrator and John have this opinion.
226,57,"Read the following excerpt from a novel. The passage is narrated in the first person (using ""I"") and includes another character. Then answer the multiple-choice question.","As soon as I walked in,",John,tasted,the dumplings on the table.,It,tasted,really,delicious.,taste,Whose opinion is it that the dumplings,tasted,delicious?,The narrator's,John's,Both the narrator and John have this opinion.
227,57,"Read the following excerpt from a novel. The passage is narrated in the first person (using ""I"") and includes another character. Then answer the multiple-choice question.","As soon as I walked in,",John,put,the dumplings on the table.,It,was,really,delicious.,baseline,Whose opinion is it that the dumplings,was,delicious?,The narrator's,John's,Both the narrator and John have this opinion.
228,58,"Read the following excerpt from a novel. The passage is narrated in the first person (using ""I"") and includes another character. Then answer the multiple-choice question.","When I came into the room,",Jessica,saw,the cake on the table.,It,looked,extremely,tantalizing.,vision,Whose opinion is it that the cake,looked,interesting?,The narrator's,Jessica's,Both the narrator and Jessica have this opinion.
229,58,"Read the following excerpt from a novel. The passage is narrated in the first person (using ""I"") and includes another character. Then answer the multiple-choice question.","When I came into the room,",Jessica,smelled,the cake on the table.,It,smelled,extremely,tantalizing.,smell,Whose opinion is it that the cake,smelled,interesting?,The narrator's,Jessica's,Both the narrator and Jessica have this opinion.
230,58,"Read the following excerpt from a novel. The passage is narrated in the first person (using ""I"") and includes another character. Then answer the multiple-choice question.","When I came into the room,",Jessica,tasted,the cake on the table.,It,tasted,extremely,tantalizing.,taste,Whose opinion is it that the cake,tasted,interesting?,The narrator's,Jessica's,Both the narrator and Jessica have this opinion.
231,58,"Read the following excerpt from a novel. The passage is narrated in the first person (using ""I"") and includes another character. Then answer the multiple-choice question.","When I came into the room,",Jessica,put,the cake on the table.,It,was,extremely,tantalizing.,baseline,Whose opinion is it that the cake,was,interesting?,The narrator's,Jessica's,Both the narrator and Jessica have this opinion.
232,59,"Read the following excerpt from a novel. The passage is narrated in the first person (using ""I"") and includes another character. Then answer the multiple-choice question.","As soon as I went into the room,",John,saw,the fried chicken on the table.,It,looked,really,tantalizing.,vision,Whose opinion is it that the fried chicken,looked,interesting?,The narrator's,John's,Both the narrator and John have this opinion.
233,59,"Read the following excerpt from a novel. The passage is narrated in the first person (using ""I"") and includes another character. Then answer the multiple-choice question.","As soon as I went into the room,",John,smelled,the fried chicken on the table.,It,smelled,really,tantalizing.,smell,Whose opinion is it that the fried chicken,smelled,interesting?,The narrator's,John's,Both the narrator and John have this opinion.
234,59,"Read the following excerpt from a novel. The passage is narrated in the first person (using ""I"") and includes another character. Then answer the multiple-choice question.","As soon as I went into the room,",John,tasted,the fried chicken on the table.,It,tasted,really,tantalizing.,taste,Whose opinion is it that the fried chicken,tasted,interesting?,The narrator's,John's,Both the narrator and John have this opinion.
235,59,"Read the following excerpt from a novel. The passage is narrated in the first person (using ""I"") and includes another character. Then answer the multiple-choice question.","As soon as I went into the room,",John,put,the fried chicken on the table.,It,was,really,tantalizing.,baseline,Whose opinion is it that the fried chicken,was,interesting?,The narrator's,John's,Both the narrator and John have this opinion.
236,60,"Read the following excerpt from a novel. The passage is narrated in the first person (using ""I"") and includes another character. Then answer the multiple-choice question.","Right after I entered the room,",Jessica,saw,the pancake in the plate.,It,looked,absolutely,horrifying.,vision,Whose opinion is it that the pancake,looked,horrifying?,The narrator's,Jessica's,Both the narrator and Jessica have this opinion.
237,60,"Read the following excerpt from a novel. The passage is narrated in the first person (using ""I"") and includes another character. Then answer the multiple-choice question.","Right after I entered the room,",Jessica,smelled,the pancake in the plate.,It,smelled,absolutely,horrifying.,smell,Whose opinion is it that the pancake,smelled,horrifying?,The narrator's,Jessica's,Both the narrator and Jessica have this opinion.
238,60,"Read the following excerpt from a novel. The passage is narrated in the first person (using ""I"") and includes another character. Then answer the multiple-choice question.","Right after I entered the room,",Jessica,tasted,the pancake in the plate.,It,tasted,absolutely,horrifying.,taste,Whose opinion is it that the pancake,tasted,horrifying?,The narrator's,Jessica's,Both the narrator and Jessica have this opinion.
239,60,"Read the following excerpt from a novel. The passage is narrated in the first person (using ""I"") and includes another character. Then answer the multiple-choice question.","Right after I entered the room,",Jessica,put,the pancake in the plate.,It,was,absolutely,horrifying.,baseline,Whose opinion is it that the pancake,was,horrifying?,The narrator's,Jessica's,Both the narrator and Jessica have this opinion.
240,61,"Read the following excerpt from a novel. The passage is narrated in the first person (using ""I"") and includes another character. Then answer the multiple-choice question.","Right after I entered the room,",Michael,saw,the noodles on the table.,It,looked,totally,delightful.,vision,Whose opinion is it that the noodles,looked,delightful?,The narrator's,Michael's,Both the narrator and Michael have this opinion.
241,61,"Read the following excerpt from a novel. The passage is narrated in the first person (using ""I"") and includes another character. Then answer the multiple-choice question.","Right after I entered the room,",Michael,smelled,the noodles on the table.,It,smelled,totally,delightful.,smell,Whose opinion is it that the noodles,smelled,delightful?,The narrator's,Michael's,Both the narrator and Michael have this opinion.
242,61,"Read the following excerpt from a novel. The passage is narrated in the first person (using ""I"") and includes another character. Then answer the multiple-choice question.","Right after I entered the room,",Michael,tasted,the noodles on the table.,It,tasted,totally,delightful.,taste,Whose opinion is it that the noodles,tasted,delightful?,The narrator's,Michael's,Both the narrator and Michael have this opinion.
243,61,"Read the following excerpt from a novel. The passage is narrated in the first person (using ""I"") and includes another character. Then answer the multiple-choice question.","Right after I entered the room,",Michael,put,the noodles on the table.,It,was,totally,delightful.,baseline,Whose opinion is it that the noodles,was,delightful?,The narrator's,Michael's,Both the narrator and Michael have this opinion.
244,62,"Read the following excerpt from a novel. The passage is narrated in the first person (using ""I"") and includes another character. Then answer the multiple-choice question.","Right after I walked in,",Olivia,saw,the pizza in the bowl.,It,looked,really,tantalizing.,vision,Whose opinion is it that the pizza,looked,interesting?,The narrator's,Olivia's,Both the narrator and Olivia have this opinion.
245,62,"Read the following excerpt from a novel. The passage is narrated in the first person (using ""I"") and includes another character. Then answer the multiple-choice question.","Right after I walked in,",Olivia,smelled,the pizza in the bowl.,It,smelled,really,tantalizing.,smell,Whose opinion is it that the pizza,smelled,interesting?,The narrator's,Olivia's,Both the narrator and Olivia have this opinion.
246,62,"Read the following excerpt from a novel. The passage is narrated in the first person (using ""I"") and includes another character. Then answer the multiple-choice question.","Right after I walked in,",Olivia,tasted,the pizza in the bowl.,It,tasted,really,tantalizing.,taste,Whose opinion is it that the pizza,tasted,interesting?,The narrator's,Olivia's,Both the narrator and Olivia have this opinion.
247,62,"Read the following excerpt from a novel. The passage is narrated in the first person (using ""I"") and includes another character. Then answer the multiple-choice question.","Right after I walked in,",Olivia,put,the pizza in the bowl.,It,was,really,tantalizing.,baseline,Whose opinion is it that the pizza,was,interesting?,The narrator's,Olivia's,Both the narrator and Olivia have this opinion.
248,63,"Read the following excerpt from a novel. The passage is narrated in the first person (using ""I"") and includes another character. Then answer the multiple-choice question.","When I returned to the living room,",Thomas,saw,the sandwich in the bowl.,It,looked,extremely,unpleasant.,vision,Whose opinion is it that the sandwich,looked,unpleasant?,The narrator's,Thomas's,Both the narrator and Thomas have this opinion.
249,63,"Read the following excerpt from a novel. The passage is narrated in the first person (using ""I"") and includes another character. Then answer the multiple-choice question.","When I returned to the living room,",Thomas,smelled,the sandwich in the bowl.,It,smelled,extremely,unpleasant.,smell,Whose opinion is it that the sandwich,smelled,unpleasant?,The narrator's,Thomas's,Both the narrator and Thomas have this opinion.
250,63,"Read the following excerpt from a novel. The passage is narrated in the first person (using ""I"") and includes another character. Then answer the multiple-choice question.","When I returned to the living room,",Thomas,tasted,the sandwich in the bowl.,It,tasted,extremely,unpleasant.,taste,Whose opinion is it that the sandwich,tasted,unpleasant?,The narrator's,Thomas's,Both the narrator and Thomas have this opinion.
251,63,"Read the following excerpt from a novel. The passage is narrated in the first person (using ""I"") and includes another character. Then answer the multiple-choice question.","When I returned to the living room,",Thomas,put,the sandwich in the bowl.,It,was,extremely,unpleasant.,baseline,Whose opinion is it that the sandwich,was,unpleasant?,The narrator's,Thomas's,Both the narrator and Thomas have this opinion.
252,64,"Read the following excerpt from a novel. The passage is narrated in the first person (using ""I"") and includes another character. Then answer the multiple-choice question.","After I got home,",Sophia,saw,the soup on the table.,It,looked,really,disgusting.,vision,Whose opinion is it that the soup,looked,disgusting?,The narrator's,Sophia's,Both the narrator and Sophia have this opinion.
253,64,"Read the following excerpt from a novel. The passage is narrated in the first person (using ""I"") and includes another character. Then answer the multiple-choice question.","After I got home,",Sophia,smelled,the soup on the table.,It,smelled,really,disgusting.,smell,Whose opinion is it that the soup,smelled,disgusting?,The narrator's,Sophia's,Both the narrator and Sophia have this opinion.
254,64,"Read the following excerpt from a novel. The passage is narrated in the first person (using ""I"") and includes another character. Then answer the multiple-choice question.","After I got home,",Sophia,tasted,the soup on the table.,It,tasted,really,disgusting.,taste,Whose opinion is it that the soup,tasted,disgusting?,The narrator's,Sophia's,Both the narrator and Sophia have this opinion.
255,64,"Read the following excerpt from a novel. The passage is narrated in the first person (using ""I"") and includes another character. Then answer the multiple-choice question.","After I got home,",Sophia,put,the soup on the table.,It,was,really,disgusting.,baseline,Whose opinion is it that the soup,was,disgusting?,The narrator's,Sophia's,Both the narrator and Sophia have this opinion.
256,65,"Read the following excerpt from a novel. The passage is narrated in the first person (using ""I"") and includes another character. Then answer the multiple-choice question.","Right after I entered the room,",David,saw,the rice pudding on the table.,It,looked,really,dreadful.,vision,Whose opinion is it that the rice pudding,looked,dreadful?,The narrator's,David's,Both the narrator and David have this opinion.
257,65,"Read the following excerpt from a novel. The passage is narrated in the first person (using ""I"") and includes another character. Then answer the multiple-choice question.","Right after I entered the room,",David,smelled,the rice pudding on the table.,It,smelled,really,dreadful.,smell,Whose opinion is it that the rice pudding,smelled,dreadful?,The narrator's,David's,Both the narrator and David have this opinion.
258,65,"Read the following excerpt from a novel. The passage is narrated in the first person (using ""I"") and includes another character. Then answer the multiple-choice question.","Right after I entered the room,",David,tasted,the rice pudding on the table.,It,tasted,really,dreadful.,taste,Whose opinion is it that the rice pudding,tasted,dreadful?,The narrator's,David's,Both the narrator and David have this opinion.
259,65,"Read the following excerpt from a novel. The passage is narrated in the first person (using ""I"") and includes another character. Then answer the multiple-choice question.","Right after I entered the room,",David,put,the rice pudding on the table.,It,was,really,dreadful.,baseline,Whose opinion is it that the rice pudding,was,dreadful?,The narrator's,David's,Both the narrator and David have this opinion.
260,66,"Read the following excerpt from a novel. The passage is narrated in the first person (using ""I"") and includes another character. Then answer the multiple-choice question.","When I entered the room,",Jessica,saw,the dumplings on the table.,It,looked,very,tantalizing.,vision,Whose opinion is it that the dumplings,looked,tantalizing?,The narrator's,Jessica's,Both the narrator and Jessica have this opinion.
261,66,"Read the following excerpt from a novel. The passage is narrated in the first person (using ""I"") and includes another character. Then answer the multiple-choice question.","When I entered the room,",Jessica,smelled,the dumplings on the table.,It,smelled,very,tantalizing.,smell,Whose opinion is it that the dumplings,smelled,tantalizing?,The narrator's,Jessica's,Both the narrator and Jessica have this opinion.
262,66,"Read the following excerpt from a novel. The passage is narrated in the first person (using ""I"") and includes another character. Then answer the multiple-choice question.","When I entered the room,",Jessica,tasted,the dumplings on the table.,It,tasted,very,tantalizing.,taste,Whose opinion is it that the dumplings,tasted,tantalizing?,The narrator's,Jessica's,Both the narrator and Jessica have this opinion.
263,66,"Read the following excerpt from a novel. The passage is narrated in the first person (using ""I"") and includes another character. Then answer the multiple-choice question.","When I entered the room,",Jessica,put,the dumplings on the table.,It,was,very,tantalizing.,baseline,Whose opinion is it that the dumplings,was,tantalizing?,The narrator's,Jessica's,Both the narrator and Jessica have this opinion.
264,67,"Read the following excerpt from a novel. The passage is narrated in the first person (using ""I"") and includes another character. Then answer the multiple-choice question.","When I returned to the living room,",David,saw,the soup on the table.,It,looked,absolutely,delightful.,vision,Whose opinion is it that the soup,looked,delightful?,The narrator's,David's,Both the narrator and David have this opinion.
265,67,"Read the following excerpt from a novel. The passage is narrated in the first person (using ""I"") and includes another character. Then answer the multiple-choice question.","When I returned to the living room,",David,smelled,the soup on the table.,It,smelled,absolutely,delightful.,smell,Whose opinion is it that the soup,smelled,delightful?,The narrator's,David's,Both the narrator and David have this opinion.
266,67,"Read the following excerpt from a novel. The passage is narrated in the first person (using ""I"") and includes another character. Then answer the multiple-choice question.","When I returned to the living room,",David,tasted,the soup on the table.,It,tasted,absolutely,delightful.,taste,Whose opinion is it that the soup,tasted,delightful?,The narrator's,David's,Both the narrator and David have this opinion.
267,67,"Read the following excerpt from a novel. The passage is narrated in the first person (using ""I"") and includes another character. Then answer the multiple-choice question.","When I returned to the living room,",David,put,the soup on the table.,It,was,absolutely,delightful.,baseline,Whose opinion is it that the soup,was,delightful?,The narrator's,David's,Both the narrator and David have this opinion.
268,68,"Read the following excerpt from a novel. The passage is narrated in the first person (using ""I"") and includes another character. Then answer the multiple-choice question.","After I got home from school,",Anna,saw,the bacon on the table.,It,looked,very,tantalizing.,vision,Whose opinion is it that the bacon,looked,tantalizing?,The narrator's,Anna's,Both the narrator and Anna have this opinion.
269,68,"Read the following excerpt from a novel. The passage is narrated in the first person (using ""I"") and includes another character. Then answer the multiple-choice question.","After I got home from school,",Anna,smelled,the bacon on the table.,It,smelled,very,tantalizing.,smell,Whose opinion is it that the bacon,smelled,tantalizing?,The narrator's,Anna's,Both the narrator and Anna have this opinion.
270,68,"Read the following excerpt from a novel. The passage is narrated in the first person (using ""I"") and includes another character. Then answer the multiple-choice question.","After I got home from school,",Anna,tasted,the bacon on the table.,It,tasted,very,tantalizing.,taste,Whose opinion is it that the bacon,tasted,tantalizing?,The narrator's,Anna's,Both the narrator and Anna have this opinion.
271,68,"Read the following excerpt from a novel. The passage is narrated in the first person (using ""I"") and includes another character. Then answer the multiple-choice question.","After I got home from school,",Anna,put,the bacon on the table.,It,was,very,tantalizing.,baseline,Whose opinion is it that the bacon,was,tantalizing?,The narrator's,Anna's,Both the narrator and Anna have this opinion.
272,69,"Read the following excerpt from a novel. The passage is narrated in the first person (using ""I"") and includes another character. Then answer the multiple-choice question.","Right after I entered,",Michael,saw,the milkshake on the plate.,It,looked,extremely,revolting.,vision,Whose opinion is it that the milkshake,looked,revolting?,The narrator's,Michael's,Both the narrator and Michael have this opinion.
273,69,"Read the following excerpt from a novel. The passage is narrated in the first person (using ""I"") and includes another character. Then answer the multiple-choice question.","Right after I entered,",Michael,smelled,the milkshake on the plate.,It,smelled,extremely,revolting.,smell,Whose opinion is it that the milkshake,smelled,revolting?,The narrator's,Michael's,Both the narrator and Michael have this opinion.
274,69,"Read the following excerpt from a novel. The passage is narrated in the first person (using ""I"") and includes another character. Then answer the multiple-choice question.","Right after I entered,",Michael,tasted,the milkshake on the plate.,It,tasted,extremely,revolting.,taste,Whose opinion is it that the milkshake,tasted,revolting?,The narrator's,Michael's,Both the narrator and Michael have this opinion.
275,69,"Read the following excerpt from a novel. The passage is narrated in the first person (using ""I"") and includes another character. Then answer the multiple-choice question.","Right after I entered,",Michael,put,the milkshake on the plate.,It,was,extremely,revolting.,baseline,Whose opinion is it that the milkshake,was,revolting?,The narrator's,Michael's,Both the narrator and Michael have this opinion.
276,70,"Read the following excerpt from a novel. The passage is narrated in the first person (using ""I"") and includes another character. Then answer the multiple-choice question.","Right after I walked in,",Sophia,saw,the chicken on the tray.,It,looked,really,tantalizing.,vision,Whose opinion is it that the chicken,looked,interesting?,The narrator's,Sophia's,Both the narrator and Sophia have this opinion.
277,70,"Read the following excerpt from a novel. The passage is narrated in the first person (using ""I"") and includes another character. Then answer the multiple-choice question.","Right after I walked in,",Sophia,smelled,the chicken on the tray.,It,smelled,really,tantalizing.,smell,Whose opinion is it that the chicken,smelled,interesting?,The narrator's,Sophia's,Both the narrator and Sophia have this opinion.
278,70,"Read the following excerpt from a novel. The passage is narrated in the first person (using ""I"") and includes another character. Then answer the multiple-choice question.","Right after I walked in,",Sophia,tasted,the chicken on the tray.,It,tasted,really,tantalizing.,taste,Whose opinion is it that the chicken,tasted,interesting?,The narrator's,Sophia's,Both the narrator and Sophia have this opinion.
279,70,"Read the following excerpt from a novel. The passage is narrated in the first person (using ""I"") and includes another character. Then answer the multiple-choice question.","Right after I walked in,",Sophia,put,the chicken on the tray.,It,was,really,tantalizing.,baseline,Whose opinion is it that the chicken,was,interesting?,The narrator's,Sophia's,Both the narrator and Sophia have this opinion.
280,71,"Read the following excerpt from a novel. The passage is narrated in the first person (using ""I"") and includes another character. Then answer the multiple-choice question.","After I got home from school,",William,saw,the bread on the plate.,It,looked,extremely,unpleasant.,vision,Whose opinion is it that the bread,looked,unpleasant?,The narrator's,William's,Both the narrator and William have this opinion.
281,71,"Read the following excerpt from a novel. The passage is narrated in the first person (using ""I"") and includes another character. Then answer the multiple-choice question.","After I got home from school,",William,smelled,the bread on the plate.,It,smelled,extremely,unpleasant.,smell,Whose opinion is it that the bread,smelled,unpleasant?,The narrator's,William's,Both the narrator and William have this opinion.
282,71,"Read the following excerpt from a novel. The passage is narrated in the first person (using ""I"") and includes another character. Then answer the multiple-choice question.","After I got home from school,",William,tasted,the bread on the plate.,It,tasted,extremely,unpleasant.,taste,Whose opinion is it that the bread,tasted,unpleasant?,The narrator's,William's,Both the narrator and William have this opinion.
283,71,"Read the following excerpt from a novel. The passage is narrated in the first person (using ""I"") and includes another character. Then answer the multiple-choice question.","After I got home from school,",William,put,the bread on the plate.,It,was,extremely,unpleasant.,baseline,Whose opinion is it that the bread,was,unpleasant?,The narrator's,William's,Both the narrator and William have this opinion.
284,72,"Read the following excerpt from a novel. The passage is narrated in the first person (using ""I"") and includes another character. Then answer the multiple-choice question.","As soon as I came to the party,",Sarah,saw,the fried chicken in the container.,It,looked,really,tantalizing.,vision,Whose opinion is it that the fried chicken,looked,interesting?,The narrator's,Sarah's,Both the narrator and Sarah have this opinion.
285,72,"Read the following excerpt from a novel. The passage is narrated in the first person (using ""I"") and includes another character. Then answer the multiple-choice question.","As soon as I came to the party,",Sarah,smelled,the fried chicken in the container.,It,smelled,really,tantalizing.,smell,Whose opinion is it that the fried chicken,smelled,interesting?,The narrator's,Sarah's,Both the narrator and Sarah have this opinion.
286,72,"Read the following excerpt from a novel. The passage is narrated in the first person (using ""I"") and includes another character. Then answer the multiple-choice question.","As soon as I came to the party,",Sarah,tasted,the fried chicken in the container.,It,tasted,really,tantalizing.,taste,Whose opinion is it that the fried chicken,tasted,interesting?,The narrator's,Sarah's,Both the narrator and Sarah have this opinion.
287,72,"Read the following excerpt from a novel. The passage is narrated in the first person (using ""I"") and includes another character. Then answer the multiple-choice question.","As soon as I came to the party,",Sarah,put,the fried chicken in the container.,It,was,really,tantalizing.,baseline,Whose opinion is it that the fried chicken,was,interesting?,The narrator's,Sarah's,Both the narrator and Sarah have this opinion.
288,73,"Read the following excerpt from a novel. The passage is narrated in the first person (using ""I"") and includes another character. Then answer the multiple-choice question.","Right after I arrived at the party,",Daniel,saw,the salad on the plate.,It,looked,totally,delightful.,vision,Whose opinion is it that the salad,looked,delightful?,The narrator's,Daniel's,Both the narrator and Daniel have this opinion.
289,73,"Read the following excerpt from a novel. The passage is narrated in the first person (using ""I"") and includes another character. Then answer the multiple-choice question.","Right after I arrived at the party,",Daniel,smelled,the salad on the plate.,It,smelled,totally,delightful.,smell,Whose opinion is it that the salad,smelled,delightful?,The narrator's,Daniel's,Both the narrator and Daniel have this opinion.
290,73,"Read the following excerpt from a novel. The passage is narrated in the first person (using ""I"") and includes another character. Then answer the multiple-choice question.","Right after I arrived at the party,",Daniel,tasted,the salad on the plate.,It,tasted,totally,delightful.,taste,Whose opinion is it that the salad,tasted,delightful?,The narrator's,Daniel's,Both the narrator and Daniel have this opinion.
291,73,"Read the following excerpt from a novel. The passage is narrated in the first person (using ""I"") and includes another character. Then answer the multiple-choice question.","Right after I arrived at the party,",Daniel,put,the salad on the plate.,It,was,totally,delightful.,baseline,Whose opinion is it that the salad,was,delightful?,The narrator's,Daniel's,Both the narrator and Daniel have this opinion.
292,74,"Read the following excerpt from a novel. The passage is narrated in the first person (using ""I"") and includes another character. Then answer the multiple-choice question.","After I got home from school,",Jessica,saw,the coffee on the table.,It,looked,incredibly,enticing.,vision,Whose opinion is it that the coffee,looked,enticing?,The narrator's,Jessica's,Both the narrator and Jessica have this opinion.
293,74,"Read the following excerpt from a novel. The passage is narrated in the first person (using ""I"") and includes another character. Then answer the multiple-choice question.","After I got home from school,",Jessica,smelled,the coffee on the table.,It,smelled,incredibly,enticing.,smell,Whose opinion is it that the coffee,smelled,enticing?,The narrator's,Jessica's,Both the narrator and Jessica have this opinion.
294,74,"Read the following excerpt from a novel. The passage is narrated in the first person (using ""I"") and includes another character. Then answer the multiple-choice question.","After I got home from school,",Jessica,tasted,the coffee on the table.,It,tasted,incredibly,enticing.,taste,Whose opinion is it that the coffee,tasted,enticing?,The narrator's,Jessica's,Both the narrator and Jessica have this opinion.
295,74,"Read the following excerpt from a novel. The passage is narrated in the first person (using ""I"") and includes another character. Then answer the multiple-choice question.","After I got home from school,",Jessica,put,the coffee on the table.,It,was,incredibly,enticing.,baseline,Whose opinion is it that the coffee,was,enticing?,The narrator's,Jessica's,Both the narrator and Jessica have this opinion.
296,75,"Read the following excerpt from a novel. The passage is narrated in the first person (using ""I"") and includes another character. Then answer the multiple-choice question.","After I arrived at the party,",Robert,saw,the sandwich on the table.,It,looked,truly,delicious.,vision,Whose opinion is it that on sandwich,looked,delicious?,The narrator's,Robert's,Both the narrator and Robert have this opinion.
297,75,"Read the following excerpt from a novel. The passage is narrated in the first person (using ""I"") and includes another character. Then answer the multiple-choice question.","After I arrived at the party,",Robert,smelled,the sandwich on the table.,It,smelled,truly,delicious.,smell,Whose opinion is it that on sandwich,smelled,delicious?,The narrator's,Robert's,Both the narrator and Robert have this opinion.
298,75,"Read the following excerpt from a novel. The passage is narrated in the first person (using ""I"") and includes another character. Then answer the multiple-choice question.","After I arrived at the party,",Robert,tasted,the sandwich on the table.,It,tasted,truly,delicious.,taste,Whose opinion is it that on sandwich,tasted,delicious?,The narrator's,Robert's,Both the narrator and Robert have this opinion.
299,75,"Read the following excerpt from a novel. The passage is narrated in the first person (using ""I"") and includes another character. Then answer the multiple-choice question.","After I arrived at the party,",Robert,put,the sandwich on the table.,It,was,truly,delicious.,baseline,Whose opinion is it that on sandwich,was,delicious?,The narrator's,Robert's,Both the narrator and Robert have this opinion.
300,76,"Read the following excerpt from a novel. The passage is narrated in the first person (using ""I"") and includes another character. Then answer the multiple-choice question.","After I entered the room,",Sarah,saw,the bacon in the bowl.,It,looked,absolutely,horrifying.,vision,Whose opinion is it that the bacon,looked,horrifying?,The narrator's,Sarah's,Both the narrator and Sarah have this opinion.
301,76,"Read the following excerpt from a novel. The passage is narrated in the first person (using ""I"") and includes another character. Then answer the multiple-choice question.","After I entered the room,",Sarah,smelled,the bacon in the bowl.,It,smelled,absolutely,horrifying.,smell,Whose opinion is it that the bacon,smelled,horrifying?,The narrator's,Sarah's,Both the narrator and Sarah have this opinion.
302,76,"Read the following excerpt from a novel. The passage is narrated in the first person (using ""I"") and includes another character. Then answer the multiple-choice question.","After I entered the room,",Sarah,tasted,the bacon in the bowl.,It,tasted,absolutely,horrifying.,taste,Whose opinion is it that the bacon,tasted,horrifying?,The narrator's,Sarah's,Both the narrator and Sarah have this opinion.
303,76,"Read the following excerpt from a novel. The passage is narrated in the first person (using ""I"") and includes another character. Then answer the multiple-choice question.","After I entered the room,",Sarah,put,the bacon in the bowl.,It,was,absolutely,horrifying.,baseline,Whose opinion is it that the bacon,was,horrifying?,The narrator's,Sarah's,Both the narrator and Sarah have this opinion.
304,77,"Read the following excerpt from a novel. The passage is narrated in the first person (using ""I"") and includes another character. Then answer the multiple-choice question.","When I arrived,",James,saw,the sushi in the plate.,It,looked,absolutely,revolting.,vision,Whose opinion is it that the sushi,looked,revolting?,The narrator's,James's,Both the narrator and James have this opinion.
305,77,"Read the following excerpt from a novel. The passage is narrated in the first person (using ""I"") and includes another character. Then answer the multiple-choice question.","When I arrived,",James,smelled,the sushi in the plate.,It,smelled,absolutely,revolting.,smell,Whose opinion is it that the sushi,smelled,revolting?,The narrator's,James's,Both the narrator and James have this opinion.
306,77,"Read the following excerpt from a novel. The passage is narrated in the first person (using ""I"") and includes another character. Then answer the multiple-choice question.","When I arrived,",James,tasted,the sushi in the plate.,It,tasted,absolutely,revolting.,taste,Whose opinion is it that the sushi,tasted,revolting?,The narrator's,James's,Both the narrator and James have this opinion.
307,77,"Read the following excerpt from a novel. The passage is narrated in the first person (using ""I"") and includes another character. Then answer the multiple-choice question.","When I arrived,",James,put,the sushi in the plate.,It,was,absolutely,revolting.,baseline,Whose opinion is it that the sushi,was,revolting?,The narrator's,James's,Both the narrator and James have this opinion.
308,78,"Read the following excerpt from a novel. The passage is narrated in the first person (using ""I"") and includes another character. Then answer the multiple-choice question.","When I returned to the living room,",Emily,saw,the pizza on the table.,It,looked,really,amazing.,vision,Whose opinion is it that pizza,looked,enticing?,The narrator's,Emily's,Both the narrator and Emily have this opinion.
309,78,"Read the following excerpt from a novel. The passage is narrated in the first person (using ""I"") and includes another character. Then answer the multiple-choice question.","When I returned to the living room,",Emily,smelled,the pizza on the table.,It,smelled,really,amazing.,smell,Whose opinion is it that pizza,smelled,enticing?,The narrator's,Emily's,Both the narrator and Emily have this opinion.
310,78,"Read the following excerpt from a novel. The passage is narrated in the first person (using ""I"") and includes another character. Then answer the multiple-choice question.","When I returned to the living room,",Emily,tasted,the pizza on the table.,It,tasted,really,amazing.,taste,Whose opinion is it that pizza,tasted,enticing?,The narrator's,Emily's,Both the narrator and Emily have this opinion.
311,78,"Read the following excerpt from a novel. The passage is narrated in the first person (using ""I"") and includes another character. Then answer the multiple-choice question.","When I returned to the living room,",Emily,put,the pizza on the table.,It,was,really,amazing.,baseline,Whose opinion is it that pizza,was,enticing?,The narrator's,Emily's,Both the narrator and Emily have this opinion.
312,79,"Read the following excerpt from a novel. The passage is narrated in the first person (using ""I"") and includes another character. Then answer the multiple-choice question.","When I returned home after work,",Daniel,saw,the popcorn in the container.,It,looked,extremely,amazing.,vision,Whose opinion is it that the popcorn,looked,interesting?,The narrator's,Daniel's,Both the narrator and Daniel have this opinion.
313,79,"Read the following excerpt from a novel. The passage is narrated in the first person (using ""I"") and includes another character. Then answer the multiple-choice question.","When I returned home after work,",Daniel,smelled,the popcorn in the container.,It,smelled,extremely,amazing.,smell,Whose opinion is it that the popcorn,smelled,interesting?,The narrator's,Daniel's,Both the narrator and Daniel have this opinion.
314,79,"Read the following excerpt from a novel. The passage is narrated in the first person (using ""I"") and includes another character. Then answer the multiple-choice question.","When I returned home after work,",Daniel,tasted,the popcorn in the container.,It,tasted,extremely,amazing.,taste,Whose opinion is it that the popcorn,tasted,interesting?,The narrator's,Daniel's,Both the narrator and Daniel have this opinion.
315,79,"Read the following excerpt from a novel. The passage is narrated in the first person (using ""I"") and includes another character. Then answer the multiple-choice question.","When I returned home after work,",Daniel,put,the popcorn in the container.,It,was,extremely,amazing.,baseline,Whose opinion is it that the popcorn,was,interesting?,The narrator's,Daniel's,Both the narrator and Daniel have this opinion.
316,80,"Read the following excerpt from a novel. The passage is narrated in the first person (using ""I"") and includes another character. Then answer the multiple-choice question.","As soon as I arrived,",Sarah,saw,the cheese on the table.,It,looked,really,delicious.,vision,Whose opinion is it that the cheese,looked,delicious?,The narrator's,Sarah's,Both the narrator and Sarah have this opinion.
317,80,"Read the following excerpt from a novel. The passage is narrated in the first person (using ""I"") and includes another character. Then answer the multiple-choice question.","As soon as I arrived,",Sarah,smelled,the cheese on the table.,It,smelled,really,delicious.,smell,Whose opinion is it that the cheese,smelled,delicious?,The narrator's,Sarah's,Both the narrator and Sarah have this opinion.
318,80,"Read the following excerpt from a novel. The passage is narrated in the first person (using ""I"") and includes another character. Then answer the multiple-choice question.","As soon as I arrived,",Sarah,tasted,the cheese on the table.,It,tasted,really,delicious.,taste,Whose opinion is it that the cheese,tasted,delicious?,The narrator's,Sarah's,Both the narrator and Sarah have this opinion.
319,80,"Read the following excerpt from a novel. The passage is narrated in the first person (using ""I"") and includes another character. Then answer the multiple-choice question.","As soon as I arrived,",Sarah,put,the cheese on the table.,It,was,really,delicious.,baseline,Whose opinion is it that the cheese,was,delicious?,The narrator's,Sarah's,Both the narrator and Sarah have this opinion.
320,81,"Read the following excerpt from a novel. The passage is narrated in the first person (using ""I"") and includes another character. Then answer the multiple-choice question.","After I got home,",Robert,saw,the ice cream in the bowl.,It,looked,really,amazing.,vision,Whose opinion is it that ice cream,looked,enticing?,The narrator's,Robert's,Both the narrator and Robert have this opinion.
321,81,"Read the following excerpt from a novel. The passage is narrated in the first person (using ""I"") and includes another character. Then answer the multiple-choice question.","After I got home,",Robert,smelled,the ice cream in the bowl.,It,smelled,really,amazing.,smell,Whose opinion is it that ice cream,smelled,enticing?,The narrator's,Robert's,Both the narrator and Robert have this opinion.
322,81,"Read the following excerpt from a novel. The passage is narrated in the first person (using ""I"") and includes another character. Then answer the multiple-choice question.","After I got home,",Robert,tasted,the ice cream in the bowl.,It,tasted,really,amazing.,taste,Whose opinion is it that ice cream,tasted,enticing?,The narrator's,Robert's,Both the narrator and Robert have this opinion.
323,81,"Read the following excerpt from a novel. The passage is narrated in the first person (using ""I"") and includes another character. Then answer the multiple-choice question.","After I got home,",Robert,put,the ice cream in the bowl.,It,was,really,amazing.,baseline,Whose opinion is it that ice cream,was,enticing?,The narrator's,Robert's,Both the narrator and Robert have this opinion.
324,82,"Read the following excerpt from a novel. The passage is narrated in the first person (using ""I"") and includes another character. Then answer the multiple-choice question.","As soon as I came to the party,",Sophia,saw,the chicken on the plate.,It,looked,truly,delicious.,vision,Whose opinion is it that the chicken,looked,delicious?,The narrator's,Sophia's,Both the narrator and Sophia have this opinion.
325,82,"Read the following excerpt from a novel. The passage is narrated in the first person (using ""I"") and includes another character. Then answer the multiple-choice question.","As soon as I came to the party,",Sophia,smelled,the chicken on the plate.,It,smelled,truly,delicious.,smell,Whose opinion is it that the chicken,smelled,delicious?,The narrator's,Sophia's,Both the narrator and Sophia have this opinion.
326,82,"Read the following excerpt from a novel. The passage is narrated in the first person (using ""I"") and includes another character. Then answer the multiple-choice question.","As soon as I came to the party,",Sophia,tasted,the chicken on the plate.,It,tasted,truly,delicious.,taste,Whose opinion is it that the chicken,tasted,delicious?,The narrator's,Sophia's,Both the narrator and Sophia have this opinion.
327,82,"Read the following excerpt from a novel. The passage is narrated in the first person (using ""I"") and includes another character. Then answer the multiple-choice question.","As soon as I came to the party,",Sophia,put,the chicken on the plate.,It,was,truly,delicious.,baseline,Whose opinion is it that the chicken,was,delicious?,The narrator's,Sophia's,Both the narrator and Sophia have this opinion.
328,83,"Read the following excerpt from a novel. The passage is narrated in the first person (using ""I"") and includes another character. Then answer the multiple-choice question.","When I returned to the living room,",Robert,saw,the ice cream on the table.,It,looked,really,delicious.,vision,Whose opinion is it that the ice cream,looked,delicious?,The narrator's,Robert's,Both the narrator and Robert have this opinion.
329,83,"Read the following excerpt from a novel. The passage is narrated in the first person (using ""I"") and includes another character. Then answer the multiple-choice question.","When I returned to the living room,",Robert,smelled,the ice cream on the table.,It,smelled,really,delicious.,smell,Whose opinion is it that the ice cream,smelled,delicious?,The narrator's,Robert's,Both the narrator and Robert have this opinion.
330,83,"Read the following excerpt from a novel. The passage is narrated in the first person (using ""I"") and includes another character. Then answer the multiple-choice question.","When I returned to the living room,",Robert,tasted,the ice cream on the table.,It,tasted,really,delicious.,taste,Whose opinion is it that the ice cream,tasted,delicious?,The narrator's,Robert's,Both the narrator and Robert have this opinion.
331,83,"Read the following excerpt from a novel. The passage is narrated in the first person (using ""I"") and includes another character. Then answer the multiple-choice question.","When I returned to the living room,",Robert,put,the ice cream on the table.,It,was,really,delicious.,baseline,Whose opinion is it that the ice cream,was,delicious?,The narrator's,Robert's,Both the narrator and Robert have this opinion.
332,84,"Read the following excerpt from a novel. The passage is narrated in the first person (using ""I"") and includes another character. Then answer the multiple-choice question.","Right after I entered the room,",Laura,saw,the rice pudding on the plate.,It,looked,extremely,revolting.,vision,Whose opinion is it that the rice pudding,looked,revolting?,The narrator's,Laura's,Both the narrator and Laura have this opinion.
333,84,"Read the following excerpt from a novel. The passage is narrated in the first person (using ""I"") and includes another character. Then answer the multiple-choice question.","Right after I entered the room,",Laura,smelled,the rice pudding on the plate.,It,smelled,extremely,revolting.,smell,Whose opinion is it that the rice pudding,smelled,revolting?,The narrator's,Laura's,Both the narrator and Laura have this opinion.
334,84,"Read the following excerpt from a novel. The passage is narrated in the first person (using ""I"") and includes another character. Then answer the multiple-choice question.","Right after I entered the room,",Laura,tasted,the rice pudding on the plate.,It,tasted,extremely,revolting.,taste,Whose opinion is it that the rice pudding,tasted,revolting?,The narrator's,Laura's,Both the narrator and Laura have this opinion.
335,84,"Read the following excerpt from a novel. The passage is narrated in the first person (using ""I"") and includes another character. Then answer the multiple-choice question.","Right after I entered the room,",Laura,put,the rice pudding on the plate.,It,was,extremely,revolting.,baseline,Whose opinion is it that the rice pudding,was,revolting?,The narrator's,Laura's,Both the narrator and Laura have this opinion.
336,85,"Read the following excerpt from a novel. The passage is narrated in the first person (using ""I"") and includes another character. Then answer the multiple-choice question.","Right after I entered the room,",William,saw,the salad on the table.,It,looked,really,tantalizing.,vision,Whose opinion is it that in salad,looked,tantalizing?,The narrator's,William's,Both the narrator and William have this opinion.
337,85,"Read the following excerpt from a novel. The passage is narrated in the first person (using ""I"") and includes another character. Then answer the multiple-choice question.","Right after I entered the room,",William,smelled,the salad on the table.,It,smelled,really,tantalizing.,smell,Whose opinion is it that in salad,smelled,tantalizing?,The narrator's,William's,Both the narrator and William have this opinion.
338,85,"Read the following excerpt from a novel. The passage is narrated in the first person (using ""I"") and includes another character. Then answer the multiple-choice question.","Right after I entered the room,",William,tasted,the salad on the table.,It,tasted,really,tantalizing.,taste,Whose opinion is it that in salad,tasted,tantalizing?,The narrator's,William's,Both the narrator and William have this opinion.
339,85,"Read the following excerpt from a novel. The passage is narrated in the first person (using ""I"") and includes another character. Then answer the multiple-choice question.","Right after I entered the room,",William,put,the salad on the table.,It,was,really,tantalizing.,baseline,Whose opinion is it that in salad,was,tantalizing?,The narrator's,William's,Both the narrator and William have this opinion.
340,86,"Read the following excerpt from a novel. The passage is narrated in the first person (using ""I"") and includes another character. Then answer the multiple-choice question.","After I got home from school,",Emily,saw,the ice cream in the bowl.,It,looked,totally,delightful.,vision,Whose opinion is it that the ice cream,looked,delightful?,The narrator's,Emily's,Both the narrator and Emily have this opinion.
341,86,"Read the following excerpt from a novel. The passage is narrated in the first person (using ""I"") and includes another character. Then answer the multiple-choice question.","After I got home from school,",Emily,smelled,the ice cream in the bowl.,It,smelled,totally,delightful.,smell,Whose opinion is it that the ice cream,smelled,delightful?,The narrator's,Emily's,Both the narrator and Emily have this opinion.
342,86,"Read the following excerpt from a novel. The passage is narrated in the first person (using ""I"") and includes another character. Then answer the multiple-choice question.","After I got home from school,",Emily,tasted,the ice cream in the bowl.,It,tasted,totally,delightful.,taste,Whose opinion is it that the ice cream,tasted,delightful?,The narrator's,Emily's,Both the narrator and Emily have this opinion.
343,86,"Read the following excerpt from a novel. The passage is narrated in the first person (using ""I"") and includes another character. Then answer the multiple-choice question.","After I got home from school,",Emily,put,the ice cream in the bowl.,It,was,totally,delightful.,baseline,Whose opinion is it that the ice cream,was,delightful?,The narrator's,Emily's,Both the narrator and Emily have this opinion.
344,87,"Read the following excerpt from a novel. The passage is narrated in the first person (using ""I"") and includes another character. Then answer the multiple-choice question.","As soon as I arrived,",Thomas,saw,the ice cream in the bowl.,It,looked,truly,disgusting.,vision,Whose opinion is it that the ice cream,looked,disgusting?,The narrator's,Thomas's,Both the narrator and Thomas have this opinion.
345,87,"Read the following excerpt from a novel. The passage is narrated in the first person (using ""I"") and includes another character. Then answer the multiple-choice question.","As soon as I arrived,",Thomas,smelled,the ice cream in the bowl.,It,smelled,truly,disgusting.,smell,Whose opinion is it that the ice cream,smelled,disgusting?,The narrator's,Thomas's,Both the narrator and Thomas have this opinion.
346,87,"Read the following excerpt from a novel. The passage is narrated in the first person (using ""I"") and includes another character. Then answer the multiple-choice question.","As soon as I arrived,",Thomas,tasted,the ice cream in the bowl.,It,tasted,truly,disgusting.,taste,Whose opinion is it that the ice cream,tasted,disgusting?,The narrator's,Thomas's,Both the narrator and Thomas have this opinion.
347,87,"Read the following excerpt from a novel. The passage is narrated in the first person (using ""I"") and includes another character. Then answer the multiple-choice question.","As soon as I arrived,",Thomas,put,the ice cream in the bowl.,It,was,truly,disgusting.,baseline,Whose opinion is it that the ice cream,was,disgusting?,The narrator's,Thomas's,Both the narrator and Thomas have this opinion.
348,88,"Read the following excerpt from a novel. The passage is narrated in the first person (using ""I"") and includes another character. Then answer the multiple-choice question.","As soon as I walked in,",Laura,saw,the pasta on the table.,It,looked,incredibly,unpleasant.,vision,Whose opinion is it that the pasta,looked,unpleasant?,The narrator's,Laura's,Both the narrator and Laura have this opinion.
349,88,"Read the following excerpt from a novel. The passage is narrated in the first person (using ""I"") and includes another character. Then answer the multiple-choice question.","As soon as I walked in,",Laura,smelled,the pasta on the table.,It,smelled,incredibly,unpleasant.,smell,Whose opinion is it that the pasta,smelled,unpleasant?,The narrator's,Laura's,Both the narrator and Laura have this opinion.
350,88,"Read the following excerpt from a novel. The passage is narrated in the first person (using ""I"") and includes another character. Then answer the multiple-choice question.","As soon as I walked in,",Laura,tasted,the pasta on the table.,It,tasted,incredibly,unpleasant.,taste,Whose opinion is it that the pasta,tasted,unpleasant?,The narrator's,Laura's,Both the narrator and Laura have this opinion.
351,88,"Read the following excerpt from a novel. The passage is narrated in the first person (using ""I"") and includes another character. Then answer the multiple-choice question.","As soon as I walked in,",Laura,put,the pasta on the table.,It,was,incredibly,unpleasant.,baseline,Whose opinion is it that the pasta,was,unpleasant?,The narrator's,Laura's,Both the narrator and Laura have this opinion.
352,89,"Read the following excerpt from a novel. The passage is narrated in the first person (using ""I"") and includes another character. Then answer the multiple-choice question.","After I got home from school,",Robert,saw,the soup on the table.,It,looked,truly,amazing.,vision,Whose opinion is it that the soup,looked,amazing?,The narrator's,Robert's,Both the narrator and Robert have this opinion.
353,89,"Read the following excerpt from a novel. The passage is narrated in the first person (using ""I"") and includes another character. Then answer the multiple-choice question.","After I got home from school,",Robert,smelled,the soup on the table.,It,smelled,truly,amazing.,smell,Whose opinion is it that the soup,smelled,amazing?,The narrator's,Robert's,Both the narrator and Robert have this opinion.
354,89,"Read the following excerpt from a novel. The passage is narrated in the first person (using ""I"") and includes another character. Then answer the multiple-choice question.","After I got home from school,",Robert,tasted,the soup on the table.,It,tasted,truly,amazing.,taste,Whose opinion is it that the soup,tasted,amazing?,The narrator's,Robert's,Both the narrator and Robert have this opinion.
355,89,"Read the following excerpt from a novel. The passage is narrated in the first person (using ""I"") and includes another character. Then answer the multiple-choice question.","After I got home from school,",Robert,put,the soup on the table.,It,was,truly,amazing.,baseline,Whose opinion is it that the soup,was,amazing?,The narrator's,Robert's,Both the narrator and Robert have this opinion.
356,90,"Read the following excerpt from a novel. The passage is narrated in the first person (using ""I"") and includes another character. Then answer the multiple-choice question.","When I came into the room,",Emily,saw,the rice pudding on the tray.,It,looked,incredibly,enticing.,vision,Whose opinion is it that the rice pudding,looked,enticing?,The narrator's,Emily's,Both the narrator and Emily have this opinion.
357,90,"Read the following excerpt from a novel. The passage is narrated in the first person (using ""I"") and includes another character. Then answer the multiple-choice question.","When I came into the room,",Emily,smelled,the rice pudding on the tray.,It,smelled,incredibly,enticing.,smell,Whose opinion is it that the rice pudding,smelled,enticing?,The narrator's,Emily's,Both the narrator and Emily have this opinion.
358,90,"Read the following excerpt from a novel. The passage is narrated in the first person (using ""I"") and includes another character. Then answer the multiple-choice question.","When I came into the room,",Emily,tasted,the rice pudding on the tray.,It,tasted,incredibly,enticing.,taste,Whose opinion is it that the rice pudding,tasted,enticing?,The narrator's,Emily's,Both the narrator and Emily have this opinion.
359,90,"Read the following excerpt from a novel. The passage is narrated in the first person (using ""I"") and includes another character. Then answer the multiple-choice question.","When I came into the room,",Emily,put,the rice pudding on the tray.,It,was,incredibly,enticing.,baseline,Whose opinion is it that the rice pudding,was,enticing?,The narrator's,Emily's,Both the narrator and Emily have this opinion.
360,91,"Read the following excerpt from a novel. The passage is narrated in the first person (using ""I"") and includes another character. Then answer the multiple-choice question.","When I got home,",James,saw,the coffee on the table.,It,looked,incredibly,unpleasant.,vision,Whose opinion is it that the coffee,looked,unpleasant?,The narrator's,James's,Both the narrator and James have this opinion.
361,91,"Read the following excerpt from a novel. The passage is narrated in the first person (using ""I"") and includes another character. Then answer the multiple-choice question.","When I got home,",James,smelled,the coffee on the table.,It,smelled,incredibly,unpleasant.,smell,Whose opinion is it that the coffee,smelled,unpleasant?,The narrator's,James's,Both the narrator and James have this opinion.
362,91,"Read the following excerpt from a novel. The passage is narrated in the first person (using ""I"") and includes another character. Then answer the multiple-choice question.","When I got home,",James,tasted,the coffee on the table.,It,tasted,incredibly,unpleasant.,taste,Whose opinion is it that the coffee,tasted,unpleasant?,The narrator's,James's,Both the narrator and James have this opinion.
363,91,"Read the following excerpt from a novel. The passage is narrated in the first person (using ""I"") and includes another character. Then answer the multiple-choice question.","When I got home,",James,put,the coffee on the table.,It,was,incredibly,unpleasant.,baseline,Whose opinion is it that the coffee,was,unpleasant?,The narrator's,James's,Both the narrator and James have this opinion.
364,92,"Read the following excerpt from a novel. The passage is narrated in the first person (using ""I"") and includes another character. Then answer the multiple-choice question.","As soon as I walked in,",Olivia,saw,the soup on the table.,It,looked,truly,disgusting.,vision,Whose opinion is it that the soup,looked,disgusting?,The narrator's,Olivia's,Both the narrator and Olivia have this opinion.
365,92,"Read the following excerpt from a novel. The passage is narrated in the first person (using ""I"") and includes another character. Then answer the multiple-choice question.","As soon as I walked in,",Olivia,smelled,the soup on the table.,It,smelled,truly,disgusting.,smell,Whose opinion is it that the soup,smelled,disgusting?,The narrator's,Olivia's,Both the narrator and Olivia have this opinion.
366,92,"Read the following excerpt from a novel. The passage is narrated in the first person (using ""I"") and includes another character. Then answer the multiple-choice question.","As soon as I walked in,",Olivia,tasted,the soup on the table.,It,tasted,truly,disgusting.,taste,Whose opinion is it that the soup,tasted,disgusting?,The narrator's,Olivia's,Both the narrator and Olivia have this opinion.
367,92,"Read the following excerpt from a novel. The passage is narrated in the first person (using ""I"") and includes another character. Then answer the multiple-choice question.","As soon as I walked in,",Olivia,put,the soup on the table.,It,was,truly,disgusting.,baseline,Whose opinion is it that the soup,was,disgusting?,The narrator's,Olivia's,Both the narrator and Olivia have this opinion.
368,93,"Read the following excerpt from a novel. The passage is narrated in the first person (using ""I"") and includes another character. Then answer the multiple-choice question.","After I entered the office,",William,saw,the bacon in the container.,It,looked,really,amazing.,vision,Whose opinion is it that the bacon,looked,interesting?,The narrator's,William's,Both the narrator and William have this opinion.
369,93,"Read the following excerpt from a novel. The passage is narrated in the first person (using ""I"") and includes another character. Then answer the multiple-choice question.","After I entered the office,",William,smelled,the bacon in the container.,It,smelled,really,amazing.,smell,Whose opinion is it that the bacon,smelled,interesting?,The narrator's,William's,Both the narrator and William have this opinion.
370,93,"Read the following excerpt from a novel. The passage is narrated in the first person (using ""I"") and includes another character. Then answer the multiple-choice question.","After I entered the office,",William,tasted,the bacon in the container.,It,tasted,really,amazing.,taste,Whose opinion is it that the bacon,tasted,interesting?,The narrator's,William's,Both the narrator and William have this opinion.
371,93,"Read the following excerpt from a novel. The passage is narrated in the first person (using ""I"") and includes another character. Then answer the multiple-choice question.","After I entered the office,",William,put,the bacon in the container.,It,was,really,amazing.,baseline,Whose opinion is it that the bacon,was,interesting?,The narrator's,William's,Both the narrator and William have this opinion.
372,94,"Read the following excerpt from a novel. The passage is narrated in the first person (using ""I"") and includes another character. Then answer the multiple-choice question.","After I arrived at the party,",Emma,saw,the soup on the table.,It,looked,really,amazing.,vision,Whose opinion is it that the soup,looked,enticing?,The narrator's,Emma's,Both the narrator and Emma have this opinion.
373,94,"Read the following excerpt from a novel. The passage is narrated in the first person (using ""I"") and includes another character. Then answer the multiple-choice question.","After I arrived at the party,",Emma,smelled,the soup on the table.,It,smelled,really,amazing.,smell,Whose opinion is it that the soup,smelled,enticing?,The narrator's,Emma's,Both the narrator and Emma have this opinion.
374,94,"Read the following excerpt from a novel. The passage is narrated in the first person (using ""I"") and includes another character. Then answer the multiple-choice question.","After I arrived at the party,",Emma,tasted,the soup on the table.,It,tasted,really,amazing.,taste,Whose opinion is it that the soup,tasted,enticing?,The narrator's,Emma's,Both the narrator and Emma have this opinion.
375,94,"Read the following excerpt from a novel. The passage is narrated in the first person (using ""I"") and includes another character. Then answer the multiple-choice question.","After I arrived at the party,",Emma,put,the soup on the table.,It,was,really,amazing.,baseline,Whose opinion is it that the soup,was,enticing?,The narrator's,Emma's,Both the narrator and Emma have this opinion.
376,95,"Read the following excerpt from a novel. The passage is narrated in the first person (using ""I"") and includes another character. Then answer the multiple-choice question.","When I entered the room,",Michael,saw,the coffee on the table.,It,looked,very,pleasant.,vision,Whose opinion is it that the coffee,looked,pleasant?,The narrator's,Michael's,Both the narrator and Michael have this opinion.
377,95,"Read the following excerpt from a novel. The passage is narrated in the first person (using ""I"") and includes another character. Then answer the multiple-choice question.","When I entered the room,",Michael,smelled,the coffee on the table.,It,smelled,very,pleasant.,smell,Whose opinion is it that the coffee,smelled,pleasant?,The narrator's,Michael's,Both the narrator and Michael have this opinion.
378,95,"Read the following excerpt from a novel. The passage is narrated in the first person (using ""I"") and includes another character. Then answer the multiple-choice question.","When I entered the room,",Michael,tasted,the coffee on the table.,It,tasted,very,pleasant.,taste,Whose opinion is it that the coffee,tasted,pleasant?,The narrator's,Michael's,Both the narrator and Michael have this opinion.
379,95,"Read the following excerpt from a novel. The passage is narrated in the first person (using ""I"") and includes another character. Then answer the multiple-choice question.","When I entered the room,",Michael,put,the coffee on the table.,It,was,very,pleasant.,baseline,Whose opinion is it that the coffee,was,pleasant?,The narrator's,Michael's,Both the narrator and Michael have this opinion.
380,96,"Read the following excerpt from a novel. The passage is narrated in the first person (using ""I"") and includes another character. Then answer the multiple-choice question.","When I arrived at the gathering,",Anna,saw,the sushi on the plate.,It,looked,really,amazing.,vision,Whose opinion is it that the sushi,looked,interesting?,The narrator's,Anna's,Both the narrator and Anna have this opinion.
381,96,"Read the following excerpt from a novel. The passage is narrated in the first person (using ""I"") and includes another character. Then answer the multiple-choice question.","When I arrived at the gathering,",Anna,smelled,the sushi on the plate.,It,smelled,really,amazing.,smell,Whose opinion is it that the sushi,smelled,interesting?,The narrator's,Anna's,Both the narrator and Anna have this opinion.
382,96,"Read the following excerpt from a novel. The passage is narrated in the first person (using ""I"") and includes another character. Then answer the multiple-choice question.","When I arrived at the gathering,",Anna,tasted,the sushi on the plate.,It,tasted,really,amazing.,taste,Whose opinion is it that the sushi,tasted,interesting?,The narrator's,Anna's,Both the narrator and Anna have this opinion.
383,96,"Read the following excerpt from a novel. The passage is narrated in the first person (using ""I"") and includes another character. Then answer the multiple-choice question.","When I arrived at the gathering,",Anna,put,the sushi on the plate.,It,was,really,amazing.,baseline,Whose opinion is it that the sushi,was,interesting?,The narrator's,Anna's,Both the narrator and Anna have this opinion.
384,97,"Read the following excerpt from a novel. The passage is narrated in the first person (using ""I"") and includes another character. Then answer the multiple-choice question.","When I arrived at the gathering,",Robert,saw,the chicken on the table.,It,looked,extremely,pleasant.,vision,Whose opinion is it that the chicken,looked,pleasant?,The narrator's,Robert's,Both the narrator and Robert have this opinion.
385,97,"Read the following excerpt from a novel. The passage is narrated in the first person (using ""I"") and includes another character. Then answer the multiple-choice question.","When I arrived at the gathering,",Robert,smelled,the chicken on the table.,It,smelled,extremely,pleasant.,smell,Whose opinion is it that the chicken,smelled,pleasant?,The narrator's,Robert's,Both the narrator and Robert have this opinion.
386,97,"Read the following excerpt from a novel. The passage is narrated in the first person (using ""I"") and includes another character. Then answer the multiple-choice question.","When I arrived at the gathering,",Robert,tasted,the chicken on the table.,It,tasted,extremely,pleasant.,taste,Whose opinion is it that the chicken,tasted,pleasant?,The narrator's,Robert's,Both the narrator and Robert have this opinion.
387,97,"Read the following excerpt from a novel. The passage is narrated in the first person (using ""I"") and includes another character. Then answer the multiple-choice question.","When I arrived at the gathering,",Robert,put,the chicken on the table.,It,was,extremely,pleasant.,baseline,Whose opinion is it that the chicken,was,pleasant?,The narrator's,Robert's,Both the narrator and Robert have this opinion.
388,98,"Read the following excerpt from a novel. The passage is narrated in the first person (using ""I"") and includes another character. Then answer the multiple-choice question.","As soon as I came to the party,",Anna,saw,the bacon on the tray.,It,looked,extremely,pleasant.,vision,Whose opinion is it that the bacon,looked,pleasant?,The narrator's,Anna's,Both the narrator and Anna have this opinion.
389,98,"Read the following excerpt from a novel. The passage is narrated in the first person (using ""I"") and includes another character. Then answer the multiple-choice question.","As soon as I came to the party,",Anna,smelled,the bacon on the tray.,It,smelled,extremely,pleasant.,smell,Whose opinion is it that the bacon,smelled,pleasant?,The narrator's,Anna's,Both the narrator and Anna have this opinion.
390,98,"Read the following excerpt from a novel. The passage is narrated in the first person (using ""I"") and includes another character. Then answer the multiple-choice question.","As soon as I came to the party,",Anna,tasted,the bacon on the tray.,It,tasted,extremely,pleasant.,taste,Whose opinion is it that the bacon,tasted,pleasant?,The narrator's,Anna's,Both the narrator and Anna have this opinion.
391,98,"Read the following excerpt from a novel. The passage is narrated in the first person (using ""I"") and includes another character. Then answer the multiple-choice question.","As soon as I came to the party,",Anna,put,the bacon on the tray.,It,was,extremely,pleasant.,baseline,Whose opinion is it that the bacon,was,pleasant?,The narrator's,Anna's,Both the narrator and Anna have this opinion.
392,99,"Read the following excerpt from a novel. The passage is narrated in the first person (using ""I"") and includes another character. Then answer the multiple-choice question.","When I returned home after teaching,",Nathan,saw,the tofu in the pot.,It,looked,totally,horrifying.,vision,Whose opinion is it that the tofu,looked,horrifying?,The narrator's,Nathan's,Both the narrator and Nathan have this opinion.
393,99,"Read the following excerpt from a novel. The passage is narrated in the first person (using ""I"") and includes another character. Then answer the multiple-choice question.","When I returned home after teaching,",Nathan,smelled,the tofu in the pot.,It,smelled,totally,horrifying.,smell,Whose opinion is it that the tofu,smelled,horrifying?,The narrator's,Nathan's,Both the narrator and George have this opinion.
394,99,"Read the following excerpt from a novel. The passage is narrated in the first person (using ""I"") and includes another character. Then answer the multiple-choice question.","When I returned home after teaching,",Nathan,tasted,the tofu in the pot.,It,tasted,totally,horrifying.,taste,Whose opinion is it that the tofu,tasted,horrifying?,The narrator's,Nathan's,Both the narrator and George have this opinion.
395,99,"Read the following excerpt from a novel. The passage is narrated in the first person (using ""I"") and includes another character. Then answer the multiple-choice question.","When I returned home after teaching,",Nathan,put,the tofu in the pot.,It,was,totally,horrifying.,baseline,Whose opinion is it that the tofu,was,horrifying?,The narrator's,Nathan's,Both the narrator and George have this opinion.
396,100,"Read the following excerpt from a novel. The passage is narrated in the first person (using ""I"") and includes another character. Then answer the multiple-choice question.","When I entered the room,",Jane,saw,the sushi in the bowl.,It,looked,truly,dreadful.,vision,Whose opinion is it that the sushi,looked,dreadful?,The narrator's,Jane's,Both the narrator and Jane have this opinion.
397,100,"Read the following excerpt from a novel. The passage is narrated in the first person (using ""I"") and includes another character. Then answer the multiple-choice question.","When I entered the room,",Jane,smelled,the sushi in the bowl.,It,smelled,truly,dreadful.,smell,Whose opinion is it that the sushi,smelled,dreadful?,The narrator's,Jane's,Both the narrator and Jane have this opinion.
398,100,"Read the following excerpt from a novel. The passage is narrated in the first person (using ""I"") and includes another character. Then answer the multiple-choice question.","When I entered the room,",Jane,tasted,the sushi in the bowl.,It,tasted,truly,dreadful.,taste,Whose opinion is it that the sushi,tasted,dreadful?,The narrator's,Jane's,Both the narrator and Jane have this opinion.
399,100,"Read the following excerpt from a novel. The passage is narrated in the first person (using ""I"") and includes another character. Then answer the multiple-choice question.","When I entered the room,",Jane,put,the sushi in the bowl.,It,was,truly,dreadful.,baseline,Whose opinion is it that the sushi,was,dreadful?,The narrator's,Jane's,Both the narrator and Jane have this opinion.